Workbook
Name igenylo_neve: #REF!

Sheet Kitöltési útmutató
A1: KEHOP Plusz-4.1.7-24 OTTHONFELÚJÍTÁSI PROGRAM
A2: KÖLTSÉGVETÉS ÉS NYILATKOZATOK
A3: Hatályos: | B3: 2025. 10. 15-től
A4: A Költségvetés és nyilatkozatok dokumentum a Kölcsönkérelem szerves részét képezi, ezért kérjük, hogy annak kitöltésekor körültekintően járjon el. A kitöltés megkezdése előtt javasoljuk, hogy gondolja át az energetikai korszerűsítés pontos megvalósítását, vagyis, hogy mely elemeket fogja vállalkozóval végeztetni és mely alapanyagokat szerzi be saját maga. Fontos, hogy a táblázatokat elektronikusan, a munkalapok sorrendjében haladva töltse ki! A cellák kitöltése során amennyiben narancssárga színnel jelölt hibát észlel, úgy előbb javítsa a hibát és utána lépjen tovább a következő munkalapra. Kérjük a Kölcsönkérelem benyújtásakor ezen dokumentum minden releváns munkalapját kinyomtatva és aláírva hozza magával.
B5: Kizárólag ezen színnel kiemelt mezők kitöltését várjuk. Amint kitölti a megjelölt mezőt, a cella színe fehérre vált.
B6: Ezen mezőket ne töltse ki! A vállalkozási szerződésben és a saját beszerzés táblázatában lehetnek ilyen jelölésű mezők, amennyiben a 01_Költségvetés lapon nem jelölte az adott megvalósítandó fejlesztést vagy a 03_Saját beszerzésnél nem írhat az adott cellába (pl. korszerűsítési munkadíj vagy az előkészítés költségeinél anyagköltség)
A7: Kérjük, hogy az excelben minden szükséges értéket gépeljen be, ne másolással töltse ki. Amenyiben másolással tölti ki az adatokat, az működési problémákhoz vezethet
A8: 01_KÖLTSÉGVETÉS
A9: Figyelem! Minden itt megadott alapadat átvezetésre kerül a további munkalapokra, ezért minden esetben ezen munkalap kitöltésével kezdjen!
A10: I. Alapadatok
A11: Kölcsönigénylő neve: | B11: Gépelje be személyazonosító okmányán szereplő teljes nevét!
A12: Megvalósítási helyszín pontos címe: | B12: Kérjük, hogy pontos címet írjon be! Irányítószám, helység, közterület neve, közterület típusa, házszám, emelet, ajtó. Helyrajzi szám megadása kötelező, ha nincs természetbeni címe az ingatlannak.
A13: A fejlesztéssel érintett ingatlan típusa: | B13: Válassza ki a legördülő menüből a megfelelő opciót! (A legördülő menü elérése: kattintson/lépjen a cellára, s az ekkor - a cella mellett a lenyíló ablakból válassza ki a megfelelő lehetőséget!)
A14: II. Megvalósítandó fejlesztések
A15: Energiahatékonyság javításra vonatkozó tevékenységek: | B15: Minden tevékenység (pl. Hőszigetelés, Nyílászáró csere,… stb.) melletti cellában válassza ki a legördülő menüből, hogy milyen tevékenység(ek)et fog megvalósítani a fejlesztés során! Fontos, hogy minden tevékenység alatti mezőt töltsön ki (igen/nem). A tábla figyelmeztető jelzést ír ki, amennyiben a projekt árnyékoló mellett nem tartalmaz szigetelést vagy nyílászáró felújítást.
A16: Költségvetés | B16: A táblázat adatai a kitöltött vállalkozási szerződés(ek)ből és amennyiben releváns, úgy a saját beszerzés munkalapról emelik át az adatokat, ezért itt további adatot nem szükséges megadni. A táblázat kitöltése akkor tekinthető teljesnek, amikor a 02-es és a 03-as munkafüzetlapok is teljeskörűen kitöltésre kerülnek, tehát több vállalkozó esetén ugyanabban a dokumentumban kitöltésre kerülnek a korszerűsítés költségvetését érintő összegek.
B17: Kérjük adja meg minden, a korszerűsítés szempontjából releváns sor esetében a négyzetméter mennyiségeket. Fontos, hogy minden korszerűsítési tevékenység esetében vizsgálja meg, hogy a vállalkozási szerződésekben megadott négyzetméterek összege nem haladhatja meg az itt megadott mennyiséget. Amennyiben egy korszerűsítési munkálatot egynél több vállalkozó végez, akkor kiemelt figyelemmel adja meg a négyzetméter mennyiséget. (pl. ha a korszerűsítést két kivitelező végzi ugyanazon a területen - más-más tevékenység vonatkozásában -, akkor a vállakozási szerződések négyzetméter mennyiségei nem összegezhetőek).
B18: A mennyiségi (négyzetméter) adatok megadása után kiszámításra kerül az elszámolható költségek mértéke, azaz kitöltésre kerülnek a hitelprogramban elszámolható költségek a Felhívásban megadott fajlagos költséghatárig, s a fajlagos költséghatáron felüli összegek az el nem számolható költségek megfelelő sorában adódnak össze. Felhívjuk a figyelmét, hogy a fajlagos költséghatáron felüli költségek elszámolható összegének számításakor (amennyiben a nényzetméter nem kerek szám) a kerekítésből adódó összegzési hibák kiküszöbölése érdekében egész számokra való lekerekítési módszert használunk. Kérjük, hogy a számlákkal való elszámoláskor a számlazáradékolásánál is vegye ezt figyelembe és csak az elszámolható költség erejéig záradékolja a számlát.
A19: III. Nyilatkozatok
A20: Nyilatkozatok | B20: Kérjük, nyilatkozzon a felsorolt állítások kapcsán a legördülő menüben az "Igen"," Nem", illetve a "Nem releváns" válasz megjelölésével.
A21: Keltezés, aláírás, tanúzás | B21: Kérjük, a teljes kitöltést követően írja alá a kinyomtatott dokumentumot. Felhívjuk a figyelmét, hogy csak akkor nyomtassa ki a dokumentumot, ha a vállalkozási szerződés(ek) és saját beszerzés esetén a 03-as munkafüzetlap is kitöltésre került.
A22: 02_VÁLLALKOZÁSI SZERZŐDÉS
A23: Ez a munkalap tartalmazza a kivitelezővel megkötésre kerülő szerződés szövegét. Amennyiben több kivitelezőt vesz igénybe a projekt megvalósítása folyamán, úgy minden kivitelező esetén külön munkalapot töltsön ki a szerződésmintából. A vállalkozási szerződés műszaki tartalmában szereplő költségvetési adatok automatikusan átemelésre kerülnek a 01_Költségvetés munkalapra. Amennyiben több kivitelező érintett a projekben, úgy az egyes kitöltött vállalkozási szerződések költségvetési adatai összeadódnak a Költségvetés munkalapon - kivéve a négyzetméter adatok. A programban kizárólag ezen szerződésminta kitöltésével lehet igényelni a finanszírozási összeget.
A24: Alapadatok | B24: Töltse ki a szerződő felek adatait a Megrendelő és Vállalkozó részéről. A Megrendelő kizárólag a kölcsönügyletben adósként szereplő személy lehet, ezért a Megrendelő neve adat automatikusan töltődik a 01_Költségvetés munkalapról.
A25: A szerződés tárgya | B25: A megvalósítási helyszín adatát a Költségvetés munkalapról automatikusan átemeli a cella. A felújítási munkák teljesítésének a határideje az a nap, amikor az utolsó munkálat is elvégzésre kerül.
A26: Vállalkozási díj | B26: A vállalkozási díj nettó, ÁFA és bruttó összegét a szerződés I. számú mellékletben szereplő költségvetés összesített soraiból emelik át automatikusan a cellák.
A27: Munkavégzés ütemezése, határidők, fizetési feltételek | B27: Rögzítse a kivitelezés várható ütemezését, illetve hogy a kivitelező előlegbekérő/díjbekérő alapján kívánja-e a szerződéses összeg egy részét számlázni.
A28: Keltezés, aláírás, tanúzás | B28: Kérjük a teljes kitöltést követően írja alá a kinyomtatott dokumentumot.
A29: Műszaki tartalom
A30: Rögzítse minden - a kivitelező közreműködésével megvalósuló - tevékenységhez a m2 mennyiségeket, valamint a Nettó és a Bruttó elszámolható költségek összegét megbontva Anyagköltségre és Munkadíjra. A táblázat a rögzített adatok alapján automatikusan számolni fogja a Bruttó fajlagos költségeket (egységárakat) a megadott mennyiségekre vonatkoztatva. Amennyiben valamely költség meghaladja a Felhívásban megadott maximális fajlagos költséget, úgy a cella narancssárga színűre vált. A nem elszámolható költségek közé tudja rögzíteni azon tevékenységeket, melyeket szintén ezen kivitelező végez el a szerződés keretében és hozzájárulnak a minimum elvárt primerenergia megtakarításhoz. Minden ezen műszaki tartalom mellékletben szereplő adat automatikusan átemelésre kerül a 01_Költségvetés munkalap vonatkozó sorára.
A31: Használati melegvíz rendszerek | B31: Rögzítse a nettó és bruttó költségeket az Anyagköltségre és a Munkadíjra vonatkozóan. A táblázat vizsgálni fogja a fajlagos költség határokat.
A32: Határoló szerkezetek hőszigetelése | B32: Adja meg m2-ben a szigetelni kívánt felületek területét típusonként. Írja be a mennyiségekhez tartozó Nettó és Bruttó elszámolható költséget megbontva Anyagköltségre és Munkadíjra!
A33: Nyílászáró csere | B33: Rögzítse a nyílászáró korszerűsítés esetében típusonként a m2 adatokat, majd a nettó és bruttó költségeket az Anyagra és a Munkadíjra vonatkozóan.
A34: Fűtéskorszerűsítés | B34: Rögzítse a nettó és bruttó költségeket az Anyagköltségre és a Munkadíjra vonatkozóan.
A35: A projekt megvalósításához szükséges engedélyek megnevezése | B35: Itt szükséges megadni a megvalósításhoz szükséges hatósági és egyéb engedélyeket (pl: bővítés esetén építési engedély) a kivitelező által, melyet később a Kölcsönigénylőnek szükséges átvezetnie a kölcsönkérelmi nyomtatványba is.
A36: Kivitelezői nyilatkozat | B36: Minden nyilatkozat végén válassza ki a legördülő menüből a kivitelező a megfelelő választ a beruházás tartalmára, az árajánlatra, a megvalósítási helyszínére és a beépítendő eszközökre vonatkozóan. Hibaüzenet jelzi, amennyiben olyan választ ad a kérdésre, amivel a "Nem" válasszal a kölcsönkérelem nem nyújtható be.
A37: 03_Saját beszerzés
A38: Ezen munkalapon szükséges rögzíteni azokat az előkészítés költségeit, az egyéb költségeket és az olyan alapanyag beszerzéseket, melyek nem a kivitelezőn keresztül történnek, de a projekt részét képezik. Fontos, hogy egy típusú tevékenységez csak akkor tartozhat alapanyag beszerzés, amennyiben ahhoz valamely vállalkozási szerződés munkalapon munkadíj is kapcsolódik.
A39: A 01_Költségvetés oldalon megadott m2 mennyiség automatikusan átemelődik a Saját beszerzés munkalapra is, tehát a korszerűsítéssel érintett terület nagyságát ott szükséges megadnia, amelyhez az anyagokat beszerzi és amelyhez a vállalkozó munkadíja kapcsolódik.
A40: Kölcsönigénylő neve és megvalósítási helyszín | B40: Ezen adatok automatikusan kerülnek átemelésre a Költségvetés munkalapról.
A41: Előkészítés költségei | B41: Rögzítse a Nettó és Bruttó elszámolható költséget.
A42: Saját beszerzésű alapanyagok költségei | B42: Rögzítse minden saját beszerzés keretében megvásárolt alapanyag esetén a Nettó és a Bruttó elszámolható költségek összegét. Fontos, hogy a fentiekben említett m2 mennyiségek rögzítésre kerüljenek a 01_Költségvetés oldalon. Ezen a lapon tudja továbbá feltüntetni a projekt előkészítési költségeit, valamint az egyéb költségeket is, melyekbe tartoznak például a hiteles energetikai tanúsítvány díjai, a tulajdoni lap költsége, a közjegyzői díj stb. A nem elszámolható költségek közé tudja rögzíteni azon tevékenységeket, melyek hozzájárulnak a minimum elvárt primerenergia megtakarításhoz.
A43: Egyéb költség | B43: Rögzítse a Nettó és Bruttó elszámolható költséget.

Sheet 01_Költségvetés
G1: KEHOP Plusz-4.1.7-24 Otthonfelújítási Hitelprogram
M2: ML153U sz. melléklet
M3: Hatályos: | N3: 2025.10.15-től
B4: I. Alapadatok | I4: II. Megvalósítandó fejlesztések | P4: =IF(OR(ISBLANK(N6),ISBLANK(N7),ISBLANK(N5),ISBLANK(N8)),"Kérjük minden tevékenység vonatkozásában válaszoljon!","") -> Kérjük minden tevékenység vonatkozásában válaszoljon!
B5: Kölcsönigénylő neve: | I5: Használati melegvíz-rendszerek korszerűsítése | O5: =IF(OR(ISBLANK(N6),ISBLANK(N7),ISBLANK(N5),ISBLANK(N8)),"Kérjük minden tevékenység vonatkozásában válaszoljon!","") -> Kérjük minden tevékenység vonatkozásában válaszoljon!
B6: Megvalósítási helyszín pontos címe | I6: Határoló szerkezetek hőszigetelése
B7: A fejlesztéssel érintett ingatlan típusa | I7: Nyílászáró csere | O7: =IF(AND(XFD48>0,AND(XFD44=0,O21=0)),"Külső árnyékolók önállóan nem támogathatók!","")
I8: Fűtéskorszerűsítés (levegő-víz hőszivattyú, hőleadók, szekunder fűtési kör, padló- és mennyezethűtési/fűtési rendszerek, automatikus központi és helyi szabályozók)
B10: Megnevezés | E10: Mennyiség | F10: Mérték-egység | G10: Anyagköltség | I10: Munkadíj | K10: Bruttó költség összesen | M10: A korszerűsítés elszámolható költségei | P10: Elszámolható maximális fajlagos költségek
G11: Nettó | H11: Bruttó | I11: Nettó | J11: Bruttó | M11: Anyagköltség | N11: Munkadíj | O11: Összesen | P11: Anyagkts. | Q11: Munkadíj
B12: A. Előkészítés költségei | C12: A1 Kötelező előzetes tanulmányok, műszaki dokumentáció (energetikai tanúsítvány) | I12: =+'03_Saját beszerzés'!I9 -> 0 | J12: =+'03_Saját beszerzés'!J9 -> 0 | K12: =+J12 -> 0 | L12: =SUM(K12:K14) -> 0 | N12: =IF(ISBLANK(J12),,IF(K12>Q12,Q12,K12)) -> 0 | O12: =SUM(N12:N14) -> 0 | Q12: 115000 | S12: =IF(K12>Q12,K12-N12,0) -> 0
C13: A2 Engedélyezési dokumentumok, műszaki tervek, kiviteli és tendertervek és ezek hatósági díja | I13: =+'03_Saját beszerzés'!I10 -> 0 | J13: =+'03_Saját beszerzés'!J10 -> 0 | K13: =+J13 -> 0 | N13: =MIN(IF(L12>Q13,Q13-N12,K13+K14),K13+K14) -> 0 | Q13: 450000 | S13: =+K13+K14-N13 -> 0
C14: A4 Eljárási költségek | I14: =+'03_Saját beszerzés'!I11 -> 0 | J14: =+'03_Saját beszerzés'!J11 -> 0 | K14: =+J14 -> 0 | Q14: 450000
B15: B. Beruházások | K15: =SUM(K17:K55) -> 0 | M15: =SUM(M17:M55) -> 0 | N15: =SUM(N17:N55) -> 0 | O15: =+N15+M15 -> 0
B16: B1. Energiahatékonyság javítására vonatkozó tevékenységek | K16: =SUM(K17:K55) -> 0 | M16: =SUM(M17:M55) -> 0 | N16: =SUM(N17:N55) -> 0 | O16: =+N16+M16 -> 0
B17: B1b. Használati melegvíz rendszerek | C17: Használati melegvíz előállító berendezés | G17: ='02_Vállalkozási szerződés1'!G46+'02_Vállalkozási szerződés2 '!G47+'02_Vállalkozási szerződés3'!G47+'02_Vállalkozási szerződés4'!G47+'03_Saját beszerzés'!G14 -> 0 | H17: ='02_Vállalkozási szerződés1'!H46+'02_Vállalkozási szerződés2 '!H47+'02_Vállalkozási szerződés3'!H47+'02_Vállalkozási szerződés4'!H47+'03_Saját beszerzés'!H14 -> 0 | I17: ='02_Vállalkozási szerződés1'!I46+'02_Vállalkozási szerződés2 '!I47+'02_Vállalkozási szerződés3'!I47+'02_Vállalkozási szerződés4'!I47 -> 0 | J17: ='02_Vállalkozási szerződés1'!J46+'02_Vállalkozási szerződés2 '!J47+'02_Vállalkozási szerződés3'!J47+'02_Vállalkozási szerződés4'!J47 -> 0 | K17: =IFERROR(H17+J17,) -> 0 | L17: =SUM(K17:K20) -> 0 | M17: =IF(H17>P17,P17,H17) -> 0 | N17: =IF(J17>Q17,Q17,J17) -> 0 | O17: =SUM(M17:N20) -> 0 | P17: 266700 | Q17: 457200 | S17: =IF(K17>M17+Q17,+K17-M17-N17,0) -> 0
C18: Hőszivattyús használati melegvíz előállító és tároló berendezés felszerelés | G18: ='02_Vállalkozási szerződés1'!G47+'02_Vállalkozási szerződés2 '!G48+'02_Vállalkozási szerződés3'!G48+'02_Vállalkozási szerződés4'!G48+'03_Saját beszerzés'!G15 -> 0 | H18: ='02_Vállalkozási szerződés1'!H47+'02_Vállalkozási szerződés2 '!H48+'02_Vállalkozási szerződés3'!H48+'02_Vállalkozási szerződés4'!H48+'03_Saját beszerzés'!H15 -> 0 | I18: ='02_Vállalkozási szerződés1'!I47+'02_Vállalkozási szerződés2 '!I48+'02_Vállalkozási szerződés3'!I48+'02_Vállalkozási szerződés4'!I48 -> 0 | J18: ='02_Vállalkozási szerződés1'!J47+'02_Vállalkozási szerződés2 '!J48+'02_Vállalkozási szerződés3'!J48+'02_Vállalkozási szerződés4'!J48 -> 0 | K18: =IFERROR(H18+J18,) -> 0 | M18: =IF(H18>P18,P18,H18) -> 0 | N18: =IF(J18>Q18,Q18,J18) -> 0 | P18: 533400 | Q18: 254000 | S18: =IF(K18>M18+Q18,+K18-M18-N18,0) -> 0
C19: Használati melegvizet előállító napkollektor telepítése | D19: síkkollektor | F19: m2 | G19: ='02_Vállalkozási szerződés1'!G48+'02_Vállalkozási szerződés2 '!G49+'02_Vállalkozási szerződés3'!G49+'02_Vállalkozási szerződés4'!G49+'03_Saját beszerzés'!G16 -> 0 | H19: ='02_Vállalkozási szerződés1'!H48+'02_Vállalkozási szerződés2 '!H49+'02_Vállalkozási szerződés3'!H49+'02_Vállalkozási szerződés4'!H49+'03_Saját beszerzés'!H16 -> 0 | I19: ='02_Vállalkozási szerződés1'!I48+'02_Vállalkozási szerződés2 '!I49+'02_Vállalkozási szerződés3'!I49+'02_Vállalkozási szerződés4'!I49 -> 0 | J19: ='02_Vállalkozási szerződés1'!J48+'02_Vállalkozási szerződés2 '!J49+'02_Vállalkozási szerződés3'!J49+'02_Vállalkozási szerződés4'!J49 -> 0 | K19: =IFERROR(H19+J19,) -> 0 | M19: =IF(E19=0,,IF(H19/E19>P19,INT(E19*P19),H19)) -> 0 | N19: =IF(E19=0,,IF(J19/E19>Q19,INT(Q19*E19),J19)) -> 0 | P19: 131585 | Q19: 26515 | S19: =IF(ISBLANK(E19),0,IF(K19>M19+Q19,+K19-M19-N19,0)) -> 0
D20: vákuumcsöves kollektor | F20: m2 | G20: ='02_Vállalkozási szerződés1'!G49+'02_Vállalkozási szerződés2 '!G50+'02_Vállalkozási szerződés3'!G50+'02_Vállalkozási szerződés4'!G50+'03_Saját beszerzés'!G17 -> 0 | H20: ='02_Vállalkozási szerződés1'!H49+'02_Vállalkozási szerződés2 '!H50+'02_Vállalkozási szerződés3'!H50+'02_Vállalkozási szerződés4'!H50+'03_Saját beszerzés'!H17 -> 0 | I20: ='02_Vállalkozási szerződés1'!I49+'02_Vállalkozási szerződés2 '!I50+'02_Vállalkozási szerződés3'!I50+'02_Vállalkozási szerződés4'!I50 -> 0 | J20: ='02_Vállalkozási szerződés1'!J49+'02_Vállalkozási szerződés2 '!J50+'02_Vállalkozási szerződés3'!J50+'02_Vállalkozási szerződés4'!J50 -> 0 | K20: =IFERROR(H20+J20,) -> 0 | M20: =IF(E20=0,,IF(H20/E20>P20,INT(E20*P20),H20)) -> 0 | N20: =IF(E20=0,,IF(J20/E20>Q20,INT(Q20*E20),J20)) -> 0 | P20: 159874 | Q20: 26515 | S20: =IF(ISBLANK(E20),0,IF(K20>M20+Q20,+K20-M20-N20,0)) -> 0
B21: B1c. Határoló szerkezetek hőszigetelése | C21: Homlokzat EPS és lábazati XPS | D21: -12 cm-ig | F21: m2 | G21: ='02_Vállalkozási szerződés1'!G50+'02_Vállalkozási szerződés2 '!G51+'02_Vállalkozási szerződés3'!G51+'02_Vállalkozási szerződés4'!G51+'03_Saját beszerzés'!G18 -> 0 | H21: ='02_Vállalkozási szerződés1'!H50+'02_Vállalkozási szerződés2 '!H51+'02_Vállalkozási szerződés3'!H51+'02_Vállalkozási szerződés4'!H51+'03_Saját beszerzés'!H18 -> 0 | I21: ='02_Vállalkozási szerződés1'!I50+'02_Vállalkozási szerződés2 '!I51+'02_Vállalkozási szerződés3'!I51+'02_Vállalkozási szerződés4'!I51 -> 0 | J21: ='02_Vállalkozási szerződés1'!J50+'02_Vállalkozási szerződés2 '!J51+'02_Vállalkozási szerződés3'!J51+'02_Vállalkozási szerződés4'!J51 -> 0 | K21: =IFERROR(H21+J21,) -> 0 | L21: =SUM(K21:K43) -> 0 | M21: =IF(E21=0,,IF(H21/E21>P21,INT(E21*P21),H21)) -> 0 | N21: =IF(E21=0,,IF(J21/E21>Q21,INT(Q21*E21),J21)) -> 0 | O21: =SUM(M21:N43) -> 0 | P21: 25838 | Q21: 25220 | S21: =IF(ISBLANK(E21),0,IF(K21>M21+Q21,+K21-M21-N21,0)) -> 0
D22: 13-15 cm | F22: m2 | G22: ='02_Vállalkozási szerződés1'!G51+'02_Vállalkozási szerződés2 '!G52+'02_Vállalkozási szerződés3'!G52+'02_Vállalkozási szerződés4'!G52+'03_Saját beszerzés'!G19 -> 0 | H22: ='02_Vállalkozási szerződés1'!H51+'02_Vállalkozási szerződés2 '!H52+'02_Vállalkozási szerződés3'!H52+'02_Vállalkozási szerződés4'!H52+'03_Saját beszerzés'!H19 -> 0 | I22: ='02_Vállalkozási szerződés1'!I51+'02_Vállalkozási szerződés2 '!I52+'02_Vállalkozási szerződés3'!I52+'02_Vállalkozási szerződés4'!I52 -> 0 | J22: ='02_Vállalkozási szerződés1'!J51+'02_Vállalkozási szerződés2 '!J52+'02_Vállalkozási szerződés3'!J52+'02_Vállalkozási szerződés4'!J52 -> 0 | K22: =IFERROR(H22+J22,) -> 0 | M22: =IF(E22=0,,IF(H22/E22>P22,INT(E22*P22),H22)) -> 0 | N22: =IF(E22=0,,IF(J22/E22>Q22,INT(Q22*E22),J22)) -> 0 | P22: 27414 | Q22: 25220 | S22: =IF(ISBLANK(E22),0,IF(K22>M22+Q22,+K22-M22-N22,0)) -> 0
D23: 16-20 cm | F23: m2 | G23: ='02_Vállalkozási szerződés1'!G52+'02_Vállalkozási szerződés2 '!G53+'02_Vállalkozási szerződés3'!G53+'02_Vállalkozási szerződés4'!G53+'03_Saját beszerzés'!G20 -> 0 | H23: ='02_Vállalkozási szerződés1'!H52+'02_Vállalkozási szerződés2 '!H53+'02_Vállalkozási szerződés3'!H53+'02_Vállalkozási szerződés4'!H53+'03_Saját beszerzés'!H20 -> 0 | I23: ='02_Vállalkozási szerződés1'!I52+'02_Vállalkozási szerződés2 '!I53+'02_Vállalkozási szerződés3'!I53+'02_Vállalkozási szerződés4'!I53 -> 0 | J23: ='02_Vállalkozási szerződés1'!J52+'02_Vállalkozási szerződés2 '!J53+'02_Vállalkozási szerződés3'!J53+'02_Vállalkozási szerződés4'!J53 -> 0 | K23: =IFERROR(H23+J23,) -> 0 | M23: =IF(E23=0,,IF(H23/E23>P23,INT(E23*P23),H23)) -> 0 | N23: =IF(E23=0,,IF(J23/E23>Q23,INT(Q23*E23),J23)) -> 0 | P23: 30565 | Q23: 25220 | S23: =IF(ISBLANK(E23),0,IF(K23>M23+Q23,+K23-M23-N23,0)) -> 0
C24: Homlokzat kőzetgyapot és lábazati XPS | D24: -12 cm-ig | F24: m2 | G24: ='02_Vállalkozási szerződés1'!G53+'02_Vállalkozási szerződés2 '!G54+'02_Vállalkozási szerződés3'!G54+'02_Vállalkozási szerződés4'!G54+'03_Saját beszerzés'!G21 -> 0 | H24: ='02_Vállalkozási szerződés1'!H53+'02_Vállalkozási szerződés2 '!H54+'02_Vállalkozási szerződés3'!H54+'02_Vállalkozási szerződés4'!H54+'03_Saját beszerzés'!H21 -> 0 | I24: ='02_Vállalkozási szerződés1'!I53+'02_Vállalkozási szerződés2 '!I54+'02_Vállalkozási szerződés3'!I54+'02_Vállalkozási szerződés4'!I54 -> 0 | J24: ='02_Vállalkozási szerződés1'!J53+'02_Vállalkozási szerződés2 '!J54+'02_Vállalkozási szerződés3'!J54+'02_Vállalkozási szerződés4'!J54 -> 0 | K24: =IFERROR(H24+J24,) -> 0 | M24: =IF(E24=0,,IF(H24/E24>P24,INT(E24*P24),H24)) -> 0 | N24: =IF(E24=0,,IF(J24/E24>Q24,INT(Q24*E24),J24)) -> 0 | P24: 27767 | Q24: 25220 | S24: =IF(ISBLANK(E24),0,IF(K24>M24+Q24,+K24-M24-N24,0)) -> 0
D25: 13-15 cm | F25: m2 | G25: ='02_Vállalkozási szerződés1'!G54+'02_Vállalkozási szerződés2 '!G55+'02_Vállalkozási szerződés3'!G55+'02_Vállalkozási szerződés4'!G55+'03_Saját beszerzés'!G22 -> 0 | H25: ='02_Vállalkozási szerződés1'!H54+'02_Vállalkozási szerződés2 '!H55+'02_Vállalkozási szerződés3'!H55+'02_Vállalkozási szerződés4'!H55+'03_Saját beszerzés'!H22 -> 0 | I25: ='02_Vállalkozási szerződés1'!I54+'02_Vállalkozási szerződés2 '!I55+'02_Vállalkozási szerződés3'!I55+'02_Vállalkozási szerződés4'!I55 -> 0 | J25: ='02_Vállalkozási szerződés1'!J54+'02_Vállalkozási szerződés2 '!J55+'02_Vállalkozási szerződés3'!J55+'02_Vállalkozási szerződés4'!J55 -> 0 | K25: =IFERROR(H25+J25,) -> 0 | M25: =IF(E25=0,,IF(H25/E25>P25,INT(E25*P25),H25)) -> 0 | N25: =IF(E25=0,,IF(J25/E25>Q25,INT(Q25*E25),J25)) -> 0 | P25: 30307 | Q25: 25220 | S25: =IF(ISBLANK(E25),0,IF(K25>M25+Q25,+K25-M25-N25,0)) -> 0
D26: 16-20 cm | F26: m2 | G26: ='02_Vállalkozási szerződés1'!G55+'02_Vállalkozási szerződés2 '!G56+'02_Vállalkozási szerződés3'!G56+'02_Vállalkozási szerződés4'!G56+'03_Saját beszerzés'!G23 -> 0 | H26: ='02_Vállalkozási szerződés1'!H55+'02_Vállalkozási szerződés2 '!H56+'02_Vállalkozási szerződés3'!H56+'02_Vállalkozási szerződés4'!H56+'03_Saját beszerzés'!H23 -> 0 | I26: ='02_Vállalkozási szerződés1'!I55+'02_Vállalkozási szerződés2 '!I56+'02_Vállalkozási szerződés3'!I56+'02_Vállalkozási szerződés4'!I56 -> 0 | J26: ='02_Vállalkozási szerződés1'!J55+'02_Vállalkozási szerződés2 '!J56+'02_Vállalkozási szerződés3'!J56+'02_Vállalkozási szerződés4'!J56 -> 0 | K26: =IFERROR(H26+J26,) -> 0 | M26: =IF(E26=0,,IF(H26/E26>P26,INT(E26*P26),H26)) -> 0 | N26: =IF(E26=0,,IF(J26/E26>Q26,INT(Q26*E26),J26)) -> 0 | P26: 34422 | Q26: 25220 | S26: =IF(ISBLANK(E26),0,IF(K26>M26+Q26,+K26-M26-N26,0)) -> 0
C27: Homlokzat PIR és lábazati XPS | D27: -12 cm-ig | F27: m2 | G27: ='02_Vállalkozási szerződés1'!G56+'02_Vállalkozási szerződés2 '!G57+'02_Vállalkozási szerződés3'!G57+'02_Vállalkozási szerződés4'!G57+'03_Saját beszerzés'!G24 -> 0 | H27: ='02_Vállalkozási szerződés1'!H56+'02_Vállalkozási szerződés2 '!H57+'02_Vállalkozási szerződés3'!H57+'02_Vállalkozási szerződés4'!H57+'03_Saját beszerzés'!H24 -> 0 | I27: ='02_Vállalkozási szerződés1'!I56+'02_Vállalkozási szerződés2 '!I57+'02_Vállalkozási szerződés3'!I57+'02_Vállalkozási szerződés4'!I57 -> 0 | J27: ='02_Vállalkozási szerződés1'!J56+'02_Vállalkozási szerződés2 '!J57+'02_Vállalkozási szerződés3'!J57+'02_Vállalkozási szerződés4'!J57 -> 0 | K27: =IFERROR(H27+J27,) -> 0 | M27: =IF(E27=0,,IF(H27/E27>P27,INT(E27*P27),H27)) -> 0 | N27: =IF(E27=0,,IF(J27/E27>Q27,INT(Q27*E27),J27)) -> 0 | P27: 31942 | Q27: 25220 | S27: =IF(ISBLANK(E27),0,IF(K27>M27+Q27,+K27-M27-N27,0)) -> 0
D28: 13-15 cm | F28: m2 | G28: ='02_Vállalkozási szerződés1'!G57+'02_Vállalkozási szerződés2 '!G58+'02_Vállalkozási szerződés3'!G58+'02_Vállalkozási szerződés4'!G58+'03_Saját beszerzés'!G25 -> 0 | H28: ='02_Vállalkozási szerződés1'!H57+'02_Vállalkozási szerződés2 '!H58+'02_Vállalkozási szerződés3'!H58+'02_Vállalkozási szerződés4'!H58+'03_Saját beszerzés'!H25 -> 0 | I28: ='02_Vállalkozási szerződés1'!I57+'02_Vállalkozási szerződés2 '!I58+'02_Vállalkozási szerződés3'!I58+'02_Vállalkozási szerződés4'!I58 -> 0 | J28: ='02_Vállalkozási szerződés1'!J57+'02_Vállalkozási szerződés2 '!J58+'02_Vállalkozási szerződés3'!J58+'02_Vállalkozási szerződés4'!J58 -> 0 | K28: =IFERROR(H28+J28,) -> 0 | M28: =IF(E28=0,,IF(H28/E28>P28,INT(E28*P28),H28)) -> 0 | N28: =IF(E28=0,,IF(J28/E28>Q28,INT(Q28*E28),J28)) -> 0 | P28: 35496 | Q28: 25220 | S28: =IF(ISBLANK(E28),0,IF(K28>M28+Q28,+K28-M28-N28,0)) -> 0
D29: 16-20 cm | F29: m2 | G29: ='02_Vállalkozási szerződés1'!G58+'02_Vállalkozási szerződés2 '!G59+'02_Vállalkozási szerződés3'!G59+'02_Vállalkozási szerződés4'!G59+'03_Saját beszerzés'!G26 -> 0 | H29: ='02_Vállalkozási szerződés1'!H58+'02_Vállalkozási szerződés2 '!H59+'02_Vállalkozási szerződés3'!H59+'02_Vállalkozási szerződés4'!H59+'03_Saját beszerzés'!H26 -> 0 | I29: ='02_Vállalkozási szerződés1'!I58+'02_Vállalkozási szerződés2 '!I59+'02_Vállalkozási szerződés3'!I59+'02_Vállalkozási szerződés4'!I59 -> 0 | J29: ='02_Vállalkozási szerződés1'!J58+'02_Vállalkozási szerződés2 '!J59+'02_Vállalkozási szerződés3'!J59+'02_Vállalkozási szerződés4'!J59 -> 0 | K29: =IFERROR(H29+J29,) -> 0 | M29: =IF(E29=0,,IF(H29/E29>P29,INT(E29*P29),H29)) -> 0 | N29: =IF(E29=0,,IF(J29/E29>Q29,INT(Q29*E29),J29)) -> 0 | P29: 41258 | Q29: 25220 | S29: =IF(ISBLANK(E29),0,IF(K29>M29+Q29,+K29-M29-N29,0)) -> 0
C30: Tetősík | D30: -20 cm-ig | F30: m2 | G30: ='02_Vállalkozási szerződés1'!G59+'02_Vállalkozási szerződés2 '!G60+'02_Vállalkozási szerződés3'!G60+'02_Vállalkozási szerződés4'!G60+'03_Saját beszerzés'!G27 -> 0 | H30: ='02_Vállalkozási szerződés1'!H59+'02_Vállalkozási szerződés2 '!H60+'02_Vállalkozási szerződés3'!H60+'02_Vállalkozási szerződés4'!H60+'03_Saját beszerzés'!H27 -> 0 | I30: ='02_Vállalkozási szerződés1'!I59+'02_Vállalkozási szerződés2 '!I60+'02_Vállalkozási szerződés3'!I60+'02_Vállalkozási szerződés4'!I60 -> 0 | J30: ='02_Vállalkozási szerződés1'!J59+'02_Vállalkozási szerződés2 '!J60+'02_Vállalkozási szerződés3'!J60+'02_Vállalkozási szerződés4'!J60 -> 0 | K30: =IFERROR(H30+J30,) -> 0 | M30: =IF(E30=0,,IF(H30/E30>P30,INT(E30*P30),H30)) -> 0 | N30: =IF(E30=0,,IF(J30/E30>Q30,INT(Q30*E30),J30)) -> 0 | P30: 17108 | Q30: 32296 | S30: =IF(ISBLANK(E30),0,IF(K30>M30+Q30,+K30-M30-N30,0)) -> 0
D31: 21-25 cm | F31: m2 | G31: ='02_Vállalkozási szerződés1'!G60+'02_Vállalkozási szerződés2 '!G61+'02_Vállalkozási szerződés3'!G61+'02_Vállalkozási szerződés4'!G61+'03_Saját beszerzés'!G28 -> 0 | H31: ='02_Vállalkozási szerződés1'!H60+'02_Vállalkozási szerződés2 '!H61+'02_Vállalkozási szerződés3'!H61+'02_Vállalkozási szerződés4'!H61+'03_Saját beszerzés'!H28 -> 0 | I31: ='02_Vállalkozási szerződés1'!I60+'02_Vállalkozási szerződés2 '!I61+'02_Vállalkozási szerződés3'!I61+'02_Vállalkozási szerződés4'!I61 -> 0 | J31: ='02_Vállalkozási szerződés1'!J60+'02_Vállalkozási szerződés2 '!J61+'02_Vállalkozási szerződés3'!J61+'02_Vállalkozási szerződés4'!J61 -> 0 | K31: =IFERROR(H31+J31,) -> 0 | M31: =IF(E31=0,,IF(H31/E31>P31,INT(E31*P31),H31)) -> 0 | N31: =IF(E31=0,,IF(J31/E31>Q31,INT(Q31*E31),J31)) -> 0 | P31: 18847 | Q31: 32296 | S31: =IF(ISBLANK(E31),0,IF(K31>M31+Q31,+K31-M31-N31,0)) -> 0
D32: 26-30 cm | F32: m2 | G32: ='02_Vállalkozási szerződés1'!G61+'02_Vállalkozási szerződés2 '!G62+'02_Vállalkozási szerződés3'!G62+'02_Vállalkozási szerződés4'!G62+'03_Saját beszerzés'!G29 -> 0 | H32: ='02_Vállalkozási szerződés1'!H61+'02_Vállalkozási szerződés2 '!H62+'02_Vállalkozási szerződés3'!H62+'02_Vállalkozási szerződés4'!H62+'03_Saját beszerzés'!H29 -> 0 | I32: ='02_Vállalkozási szerződés1'!I61+'02_Vállalkozási szerződés2 '!I62+'02_Vállalkozási szerződés3'!I62+'02_Vállalkozási szerződés4'!I62 -> 0 | J32: ='02_Vállalkozási szerződés1'!J61+'02_Vállalkozási szerződés2 '!J62+'02_Vállalkozási szerződés3'!J62+'02_Vállalkozási szerződés4'!J62 -> 0 | K32: =IFERROR(H32+J32,) -> 0 | M32: =IF(E32=0,,IF(H32/E32>P32,INT(E32*P32),H32)) -> 0 | N32: =IF(E32=0,,IF(J32/E32>Q32,INT(Q32*E32),J32)) -> 0 | P32: 21006 | Q32: 32296 | S32: =IF(ISBLANK(E32),0,IF(K32>M32+Q32,+K32-M32-N32,0)) -> 0
C33: Padlásfödém (kőzetgyapot) | D33: -30 cm-ig | F33: m2 | G33: ='02_Vállalkozási szerződés1'!G62+'02_Vállalkozási szerződés2 '!G63+'02_Vállalkozási szerződés3'!G63+'02_Vállalkozási szerződés4'!G63+'03_Saját beszerzés'!G30 -> 0 | H33: ='02_Vállalkozási szerződés1'!H62+'02_Vállalkozási szerződés2 '!H63+'02_Vállalkozási szerződés3'!H63+'02_Vállalkozási szerződés4'!H63+'03_Saját beszerzés'!H30 -> 0 | I33: ='02_Vállalkozási szerződés1'!I62+'02_Vállalkozási szerződés2 '!I63+'02_Vállalkozási szerződés3'!I63+'02_Vállalkozási szerződés4'!I63 -> 0 | J33: ='02_Vállalkozási szerződés1'!J62+'02_Vállalkozási szerződés2 '!J63+'02_Vállalkozási szerződés3'!J63+'02_Vállalkozási szerződés4'!J63 -> 0 | K33: =IFERROR(H33+J33,) -> 0 | M33: =IF(E33=0,,IF(H33/E33>P33,INT(E33*P33),H33)) -> 0 | N33: =IF(E33=0,,IF(J33/E33>Q33,INT(Q33*E33),J33)) -> 0 | P33: 11325 | Q33: 14878 | S33: =IF(ISBLANK(E33),0,IF(K33>M33+Q33,+K33-M33-N33,0)) -> 0
D34: 31-40 cm | F34: m2 | G34: ='02_Vállalkozási szerződés1'!G63+'02_Vállalkozási szerződés2 '!G64+'02_Vállalkozási szerződés3'!G64+'02_Vállalkozási szerződés4'!G64+'03_Saját beszerzés'!G31 -> 0 | H34: ='02_Vállalkozási szerződés1'!H63+'02_Vállalkozási szerződés2 '!H64+'02_Vállalkozási szerződés3'!H64+'02_Vállalkozási szerződés4'!H64+'03_Saját beszerzés'!H31 -> 0 | I34: ='02_Vállalkozási szerződés1'!I63+'02_Vállalkozási szerződés2 '!I64+'02_Vállalkozási szerződés3'!I64+'02_Vállalkozási szerződés4'!I64 -> 0 | J34: ='02_Vállalkozási szerződés1'!J63+'02_Vállalkozási szerződés2 '!J64+'02_Vállalkozási szerződés3'!J64+'02_Vállalkozási szerződés4'!J64 -> 0 | K34: =IFERROR(H34+J34,) -> 0 | M34: =IF(E34=0,,IF(H34/E34>P34,INT(E34*P34),H34)) -> 0 | N34: =IF(E34=0,,IF(J34/E34>Q34,INT(Q34*E34),J34)) -> 0 | P34: 13716 | Q34: 14878 | S34: =IF(ISBLANK(E34),0,IF(K34>M34+Q34,+K34-M34-N34,0)) -> 0
C35: Padlásfödém (üveggyapot) | D35: -30 cm-ig | F35: m2 | G35: ='02_Vállalkozási szerződés1'!G64+'02_Vállalkozási szerződés2 '!G65+'02_Vállalkozási szerződés3'!G65+'02_Vállalkozási szerződés4'!G65+'03_Saját beszerzés'!G32 -> 0 | H35: ='02_Vállalkozási szerződés1'!H64+'02_Vállalkozási szerződés2 '!H65+'02_Vállalkozási szerződés3'!H65+'02_Vállalkozási szerződés4'!H65+'03_Saját beszerzés'!H32 -> 0 | I35: ='02_Vállalkozási szerződés1'!I64+'02_Vállalkozási szerződés2 '!I65+'02_Vállalkozási szerződés3'!I65+'02_Vállalkozási szerződés4'!I65 -> 0 | J35: ='02_Vállalkozási szerződés1'!J64+'02_Vállalkozási szerződés2 '!J65+'02_Vállalkozási szerződés3'!J65+'02_Vállalkozási szerződés4'!J65 -> 0 | K35: =IFERROR(H35+J35,) -> 0 | M35: =IF(E35=0,,IF(H35/E35>P35,INT(E35*P35),H35)) -> 0 | N35: =IF(E35=0,,IF(J35/E35>Q35,INT(Q35*E35),J35)) -> 0 | P35: 10636 | Q35: 14878 | S35: =IF(ISBLANK(E35),0,IF(K35>M35+Q35,+K35-M35-N35,0)) -> 0
D36: 31-40 cm | F36: m2 | G36: ='02_Vállalkozási szerződés1'!G65+'02_Vállalkozási szerződés2 '!G66+'02_Vállalkozási szerződés3'!G66+'02_Vállalkozási szerződés4'!G66+'03_Saját beszerzés'!G33 -> 0 | H36: ='02_Vállalkozási szerződés1'!H65+'02_Vállalkozási szerződés2 '!H66+'02_Vállalkozási szerződés3'!H66+'02_Vállalkozási szerződés4'!H66+'03_Saját beszerzés'!H33 -> 0 | I36: ='02_Vállalkozási szerződés1'!I65+'02_Vállalkozási szerződés2 '!I66+'02_Vállalkozási szerződés3'!I66+'02_Vállalkozási szerződés4'!I66 -> 0 | J36: ='02_Vállalkozási szerződés1'!J65+'02_Vállalkozási szerződés2 '!J66+'02_Vállalkozási szerződés3'!J66+'02_Vállalkozási szerződés4'!J66 -> 0 | K36: =IFERROR(H36+J36,) -> 0 | M36: =IF(E36=0,,IF(H36/E36>P36,INT(E36*P36),H36)) -> 0 | N36: =IF(E36=0,,IF(J36/E36>Q36,INT(Q36*E36),J36)) -> 0 | P36: 13037 | Q36: 14878 | S36: =IF(ISBLANK(E36),0,IF(K36>M36+Q36,+K36-M36-N36,0)) -> 0
C37: Pincefödém | D37: -10 cm-ig | F37: m2 | G37: ='02_Vállalkozási szerződés1'!G66+'02_Vállalkozási szerződés2 '!G67+'02_Vállalkozási szerződés3'!G67+'02_Vállalkozási szerződés4'!G67+'03_Saját beszerzés'!G34 -> 0 | H37: ='02_Vállalkozási szerződés1'!H66+'02_Vállalkozási szerződés2 '!H67+'02_Vállalkozási szerződés3'!H67+'02_Vállalkozási szerződés4'!H67+'03_Saját beszerzés'!H34 -> 0 | I37: ='02_Vállalkozási szerződés1'!I66+'02_Vállalkozási szerződés2 '!I67+'02_Vállalkozási szerződés3'!I67+'02_Vállalkozási szerződés4'!I67 -> 0 | J37: ='02_Vállalkozási szerződés1'!J66+'02_Vállalkozási szerződés2 '!J67+'02_Vállalkozási szerződés3'!J67+'02_Vállalkozási szerződés4'!J67 -> 0 | K37: =IFERROR(H37+J37,) -> 0 | M37: =IF(E37=0,,IF(H37/E37>P37,INT(E37*P37),H37)) -> 0 | N37: =IF(E37=0,,IF(J37/E37>Q37,INT(Q37*E37),J37)) -> 0 | P37: 18382 | Q37: 6972 | S37: =IF(ISBLANK(E37),0,IF(K37>M37+Q37,+K37-M37-N37,0)) -> 0
D38: 11-15 cm | F38: m2 | G38: ='02_Vállalkozási szerződés1'!G67+'02_Vállalkozási szerződés2 '!G68+'02_Vállalkozási szerződés3'!G68+'02_Vállalkozási szerződés4'!G68+'03_Saját beszerzés'!G35 -> 0 | H38: ='02_Vállalkozási szerződés1'!H67+'02_Vállalkozási szerződés2 '!H68+'02_Vállalkozási szerződés3'!H68+'02_Vállalkozási szerződés4'!H68+'03_Saját beszerzés'!H35 -> 0 | I38: ='02_Vállalkozási szerződés1'!I67+'02_Vállalkozási szerződés2 '!I68+'02_Vállalkozási szerződés3'!I68+'02_Vállalkozási szerződés4'!I68 -> 0 | J38: ='02_Vállalkozási szerződés1'!J67+'02_Vállalkozási szerződés2 '!J68+'02_Vállalkozási szerződés3'!J68+'02_Vállalkozási szerződés4'!J68 -> 0 | K38: =IFERROR(H38+J38,) -> 0 | M38: =IF(E38=0,,IF(H38/E38>P38,INT(E38*P38),H38)) -> 0 | N38: =IF(E38=0,,IF(J38/E38>Q38,INT(Q38*E38),J38)) -> 0 | P38: 26256 | Q38: 6972 | S38: =IF(ISBLANK(E38),0,IF(K38>M38+Q38,+K38-M38-N38,0)) -> 0
C39: Árkád feletti alulról hűlő födém(kőzetgyapot) | D39: -12 cm-ig | F39: m2 | G39: ='02_Vállalkozási szerződés1'!G68+'02_Vállalkozási szerződés2 '!G69+'02_Vállalkozási szerződés3'!G69+'02_Vállalkozási szerződés4'!G69+'03_Saját beszerzés'!G36 -> 0 | H39: ='02_Vállalkozási szerződés1'!H68+'02_Vállalkozási szerződés2 '!H69+'02_Vállalkozási szerződés3'!H69+'02_Vállalkozási szerződés4'!H69+'03_Saját beszerzés'!H36 -> 0 | I39: ='02_Vállalkozási szerződés1'!I68+'02_Vállalkozási szerződés2 '!I69+'02_Vállalkozási szerződés3'!I69+'02_Vállalkozási szerződés4'!I69 -> 0 | J39: ='02_Vállalkozási szerződés1'!J68+'02_Vállalkozási szerződés2 '!J69+'02_Vállalkozási szerződés3'!J69+'02_Vállalkozási szerződés4'!J69 -> 0 | K39: =IFERROR(H39+J39,) -> 0 | M39: =IF(E39=0,,IF(H39/E39>P39,INT(E39*P39),H39)) -> 0 | N39: =IF(E39=0,,IF(J39/E39>Q39,INT(Q39*E39),J39)) -> 0 | P39: 24274 | Q39: 23813 | S39: =IF(ISBLANK(E39),0,IF(K39>M39+Q39,+K39-M39-N39,0)) -> 0
D40: 13-15 cm | F40: m2 | G40: ='02_Vállalkozási szerződés1'!G69+'02_Vállalkozási szerződés2 '!G70+'02_Vállalkozási szerződés3'!G70+'02_Vállalkozási szerződés4'!G70+'03_Saját beszerzés'!G37 -> 0 | H40: ='02_Vállalkozási szerződés1'!H69+'02_Vállalkozási szerződés2 '!H70+'02_Vállalkozási szerződés3'!H70+'02_Vállalkozási szerződés4'!H70+'03_Saját beszerzés'!H37 -> 0 | I40: ='02_Vállalkozási szerződés1'!I69+'02_Vállalkozási szerződés2 '!I70+'02_Vállalkozási szerződés3'!I70+'02_Vállalkozási szerződés4'!I70 -> 0 | J40: ='02_Vállalkozási szerződés1'!J69+'02_Vállalkozási szerződés2 '!J70+'02_Vállalkozási szerződés3'!J70+'02_Vállalkozási szerződés4'!J70 -> 0 | K40: =IFERROR(H40+J40,) -> 0 | M40: =IF(E40=0,,IF(H40/E40>P40,INT(E40*P40),H40)) -> 0 | N40: =IF(E40=0,,IF(J40/E40>Q40,INT(Q40*E40),J40)) -> 0 | P40: 25984 | Q40: 23813 | S40: =IF(ISBLANK(E40),0,IF(K40>M40+Q40,+K40-M40-N40,0)) -> 0
D41: 16-20 cm | F41: m2 | G41: ='02_Vállalkozási szerződés1'!G70+'02_Vállalkozási szerződés2 '!G71+'02_Vállalkozási szerződés3'!G71+'02_Vállalkozási szerződés4'!G71+'03_Saját beszerzés'!G38 -> 0 | H41: ='02_Vállalkozási szerződés1'!H70+'02_Vállalkozási szerződés2 '!H71+'02_Vállalkozási szerződés3'!H71+'02_Vállalkozási szerződés4'!H71+'03_Saját beszerzés'!H38 -> 0 | I41: ='02_Vállalkozási szerződés1'!I70+'02_Vállalkozási szerződés2 '!I71+'02_Vállalkozási szerződés3'!I71+'02_Vállalkozási szerződés4'!I71 -> 0 | J41: ='02_Vállalkozási szerződés1'!J70+'02_Vállalkozási szerződés2 '!J71+'02_Vállalkozási szerződés3'!J71+'02_Vállalkozási szerződés4'!J71 -> 0 | K41: =IFERROR(H41+J41,) -> 0 | M41: =IF(E41=0,,IF(H41/E41>P41,INT(E41*P41),H41)) -> 0 | N41: =IF(E41=0,,IF(J41/E41>Q41,INT(Q41*E41),J41)) -> 0 | P41: 28075 | Q41: 23813 | S41: =IF(ISBLANK(E41),0,IF(K41>M41+Q41,+K41-M41-N41,0)) -> 0
C42: Nem járható egyenes rétegrendű lapostető | D42: -15 cm-ig | F42: m2 | G42: ='02_Vállalkozási szerződés1'!G71+'02_Vállalkozási szerződés2 '!G72+'02_Vállalkozási szerződés3'!G72+'02_Vállalkozási szerződés4'!G72+'03_Saját beszerzés'!G39 -> 0 | H42: ='02_Vállalkozási szerződés1'!H71+'02_Vállalkozási szerződés2 '!H72+'02_Vállalkozási szerződés3'!H72+'02_Vállalkozási szerződés4'!H72+'03_Saját beszerzés'!H39 -> 0 | I42: ='02_Vállalkozási szerződés1'!I71+'02_Vállalkozási szerződés2 '!I72+'02_Vállalkozási szerződés3'!I72+'02_Vállalkozási szerződés4'!I72 -> 0 | J42: ='02_Vállalkozási szerződés1'!J71+'02_Vállalkozási szerződés2 '!J72+'02_Vállalkozási szerződés3'!J72+'02_Vállalkozási szerződés4'!J72 -> 0 | K42: =IFERROR(H42+J42,) -> 0 | M42: =IF(E42=0,,IF(H42/E42>P42,INT(E42*P42),H42)) -> 0 | N42: =IF(E42=0,,IF(J42/E42>Q42,INT(Q42*E42),J42)) -> 0 | P42: 27558 | Q42: 35366 | S42: =IF(ISBLANK(E42),0,IF(K42>M42+Q42,+K42-M42-N42,0)) -> 0
D43: 16-20 cm | F43: m2 | G43: ='02_Vállalkozási szerződés1'!G72+'02_Vállalkozási szerződés2 '!G73+'02_Vállalkozási szerződés3'!G73+'02_Vállalkozási szerződés4'!G73+'03_Saját beszerzés'!G40 -> 0 | H43: ='02_Vállalkozási szerződés1'!H72+'02_Vállalkozási szerződés2 '!H73+'02_Vállalkozási szerződés3'!H73+'02_Vállalkozási szerződés4'!H73+'03_Saját beszerzés'!H40 -> 0 | I43: ='02_Vállalkozási szerződés1'!I72+'02_Vállalkozási szerződés2 '!I73+'02_Vállalkozási szerződés3'!I73+'02_Vállalkozási szerződés4'!I73 -> 0 | J43: ='02_Vállalkozási szerződés1'!J72+'02_Vállalkozási szerződés2 '!J73+'02_Vállalkozási szerződés3'!J73+'02_Vállalkozási szerződés4'!J73 -> 0 | K43: =IFERROR(H43+J43,) -> 0 | M43: =IF(E43=0,,IF(H43/E43>P43,INT(E43*P43),H43)) -> 0 | N43: =IF(E43=0,,IF(J43/E43>Q43,INT(Q43*E43),J43)) -> 0 | P43: 30411 | Q43: 35366 | S43: =IF(ISBLANK(E43),0,IF(K43>M43+Q43,+K43-M43-N43,0)) -> 0
B44: B1d. Nyílászáró csere | C44: Homlokzati | D44: műanyag | F44: m2 | G44: ='02_Vállalkozási szerződés1'!G73+'02_Vállalkozási szerződés2 '!G74+'02_Vállalkozási szerződés3'!G74+'02_Vállalkozási szerződés4'!G74+'03_Saját beszerzés'!G41 -> 0 | H44: ='02_Vállalkozási szerződés1'!H73+'02_Vállalkozási szerződés2 '!H74+'02_Vállalkozási szerződés3'!H74+'02_Vállalkozási szerződés4'!H74+'03_Saját beszerzés'!H41 -> 0 | I44: ='02_Vállalkozási szerződés1'!I73+'02_Vállalkozási szerződés2 '!I74+'02_Vállalkozási szerződés3'!I74+'02_Vállalkozási szerződés4'!I74 -> 0 | J44: ='02_Vállalkozási szerződés1'!J73+'02_Vállalkozási szerződés2 '!J74+'02_Vállalkozási szerződés3'!J74+'02_Vállalkozási szerződés4'!J74 -> 0 | K44: =IFERROR(H44+J44,) -> 0 | L44: =SUM(K44:K51) -> 0 | M44: =IF(E44=0,,IF(H44/E44>P44,INT(E44*P44),H44)) -> 0 | N44: =IF(E44=0,,IF(J44/E44>Q44,INT(Q44*E44),J44)) -> 0 | O44: =SUM(M44:N51) -> 0 | P44: 158836 | Q44: 51336 | S44: =IF(ISBLANK(E44),0,IF(K44>M44+Q44,+K44-M44-N44,0)) -> 0 | XFD44: =SUM(M44:N47) -> 0
D45: fa | F45: m2 | G45: ='02_Vállalkozási szerződés1'!G74+'02_Vállalkozási szerződés2 '!G75+'02_Vállalkozási szerződés3'!G75+'02_Vállalkozási szerződés4'!G75+'03_Saját beszerzés'!G42 -> 0 | H45: ='02_Vállalkozási szerződés1'!H74+'02_Vállalkozási szerződés2 '!H75+'02_Vállalkozási szerződés3'!H75+'02_Vállalkozási szerződés4'!H75+'03_Saját beszerzés'!H42 -> 0 | I45: ='02_Vállalkozási szerződés1'!I74+'02_Vállalkozási szerződés2 '!I75+'02_Vállalkozási szerződés3'!I75+'02_Vállalkozási szerződés4'!I75 -> 0 | J45: ='02_Vállalkozási szerződés1'!J74+'02_Vállalkozási szerződés2 '!J75+'02_Vállalkozási szerződés3'!J75+'02_Vállalkozási szerződés4'!J75 -> 0 | K45: =IFERROR(H45+J45,) -> 0 | M45: =IF(E45=0,,IF(H45/E45>P45,INT(E45*P45),H45)) -> 0 | N45: =IF(E45=0,,IF(J45/E45>Q45,INT(Q45*E45),J45)) -> 0 | P45: 222104 | Q45: 71161 | S45: =IF(ISBLANK(E45),0,IF(K45>M45+Q45,+K45-M45-N45,0)) -> 0
C46: Tetősík | D46: műanyag | F46: m2 | G46: ='02_Vállalkozási szerződés1'!G75+'02_Vállalkozási szerződés2 '!G76+'02_Vállalkozási szerződés3'!G76+'02_Vállalkozási szerződés4'!G76+'03_Saját beszerzés'!G43 -> 0 | H46: ='02_Vállalkozási szerződés1'!H75+'02_Vállalkozási szerződés2 '!H76+'02_Vállalkozási szerződés3'!H76+'02_Vállalkozási szerződés4'!H76+'03_Saját beszerzés'!H43 -> 0 | I46: ='02_Vállalkozási szerződés1'!I75+'02_Vállalkozási szerződés2 '!I76+'02_Vállalkozási szerződés3'!I76+'02_Vállalkozási szerződés4'!I76 -> 0 | J46: ='02_Vállalkozási szerződés1'!J75+'02_Vállalkozási szerződés2 '!J76+'02_Vállalkozási szerződés3'!J76+'02_Vállalkozási szerződés4'!J76 -> 0 | K46: =IFERROR(H46+J46,) -> 0 | M46: =IF(E46=0,,IF(H46/E46>P46,INT(E46*P46),H46)) -> 0 | N46: =IF(E46=0,,IF(J46/E46>Q46,INT(Q46*E46),J46)) -> 0 | P46: 311070 | Q46: 169228 | S46: =IF(ISBLANK(E46),0,IF(K46>M46+Q46,+K46-M46-N46,0)) -> 0
D47: fa | F47: m2 | G47: ='02_Vállalkozási szerződés1'!G76+'02_Vállalkozási szerződés2 '!G77+'02_Vállalkozási szerződés3'!G77+'02_Vállalkozási szerződés4'!G77+'03_Saját beszerzés'!G44 -> 0 | H47: ='02_Vállalkozási szerződés1'!H76+'02_Vállalkozási szerződés2 '!H77+'02_Vállalkozási szerződés3'!H77+'02_Vállalkozási szerződés4'!H77+'03_Saját beszerzés'!H44 -> 0 | I47: ='02_Vállalkozási szerződés1'!I76+'02_Vállalkozási szerződés2 '!I77+'02_Vállalkozási szerződés3'!I77+'02_Vállalkozási szerződés4'!I77 -> 0 | J47: ='02_Vállalkozási szerződés1'!J76+'02_Vállalkozási szerződés2 '!J77+'02_Vállalkozási szerződés3'!J77+'02_Vállalkozási szerződés4'!J77 -> 0 | K47: =IFERROR(H47+J47,) -> 0 | M47: =IF(E47=0,,IF(H47/E47>P47,INT(E47*P47),H47)) -> 0 | N47: =IF(E47=0,,IF(J47/E47>Q47,INT(Q47*E47),J47)) -> 0 | P47: 270155 | Q47: 169228 | S47: =IF(ISBLANK(E47),0,IF(K47>M47+Q47,+K47-M47-N47,0)) -> 0
C48: Lamellás külső árnyékolók (zsaluziák) | F48: m2 | G48: ='02_Vállalkozási szerződés1'!G77+'02_Vállalkozási szerződés2 '!G78+'02_Vállalkozási szerződés3'!G78+'02_Vállalkozási szerződés4'!G78+'03_Saját beszerzés'!G45 -> 0 | H48: ='02_Vállalkozási szerződés1'!H77+'02_Vállalkozási szerződés2 '!H78+'02_Vállalkozási szerződés3'!H78+'02_Vállalkozási szerződés4'!H78+'03_Saját beszerzés'!H45 -> 0 | I48: ='02_Vállalkozási szerződés1'!I77+'02_Vállalkozási szerződés2 '!I78+'02_Vállalkozási szerződés3'!I78+'02_Vállalkozási szerződés4'!I78 -> 0 | J48: ='02_Vállalkozási szerződés1'!J77+'02_Vállalkozási szerződés2 '!J78+'02_Vállalkozási szerződés3'!J78+'02_Vállalkozási szerződés4'!J78 -> 0 | K48: =IFERROR(H48+J48,) -> 0 | M48: =IF(E48=0,,IF(H48/E48>P48,INT(E48*P48),H48)) -> 0 | N48: =IF(E48=0,,IF(J48/E48>Q48,INT(Q48*E48),J48)) -> 0 | P48: 138540 | Q48: 16840 | S48: =IF(ISBLANK(E48),0,IF(K48>M48+Q48,+K48-M48-N48,0)) -> 0 | XFD48: =SUM(M48:N51) -> 0
C49: Redőny | D49: műanyag | F49: m2 | G49: ='02_Vállalkozási szerződés1'!G78+'02_Vállalkozási szerződés2 '!G79+'02_Vállalkozási szerződés3'!G79+'02_Vállalkozási szerződés4'!G79+'03_Saját beszerzés'!G46 -> 0 | H49: ='02_Vállalkozási szerződés1'!H78+'02_Vállalkozási szerződés2 '!H79+'02_Vállalkozási szerződés3'!H79+'02_Vállalkozási szerződés4'!H79+'03_Saját beszerzés'!H46 -> 0 | I49: ='02_Vállalkozási szerződés1'!I78+'02_Vállalkozási szerződés2 '!I79+'02_Vállalkozási szerződés3'!I79+'02_Vállalkozási szerződés4'!I79 -> 0 | J49: ='02_Vállalkozási szerződés1'!J78+'02_Vállalkozási szerződés2 '!J79+'02_Vállalkozási szerződés3'!J79+'02_Vállalkozási szerződés4'!J79 -> 0 | K49: =IFERROR(H49+J49,) -> 0 | M49: =IF(E49=0,,IF(H49/E49>P49,INT(E49*P49),H49)) -> 0 | N49: =IF(E49=0,,IF(J49/E49>Q49,INT(Q49*E49),J49)) -> 0 | P49: 19680 | Q49: 9865 | S49: =IF(ISBLANK(E49),0,IF(K49>M49+Q49,+K49-M49-N49,0)) -> 0
D50: aluminium | F50: m2 | G50: ='02_Vállalkozási szerződés1'!G79+'02_Vállalkozási szerződés2 '!G80+'02_Vállalkozási szerződés3'!G80+'02_Vállalkozási szerződés4'!G80+'03_Saját beszerzés'!G47 -> 0 | H50: ='02_Vállalkozási szerződés1'!H79+'02_Vállalkozási szerződés2 '!H80+'02_Vállalkozási szerződés3'!H80+'02_Vállalkozási szerződés4'!H80+'03_Saját beszerzés'!H47 -> 0 | I50: ='02_Vállalkozási szerződés1'!I79+'02_Vállalkozási szerződés2 '!I80+'02_Vállalkozási szerződés3'!I80+'02_Vállalkozási szerződés4'!I80 -> 0 | J50: ='02_Vállalkozási szerződés1'!J79+'02_Vállalkozási szerződés2 '!J80+'02_Vállalkozási szerződés3'!J80+'02_Vállalkozási szerződés4'!J80 -> 0 | K50: =IFERROR(H50+J50,) -> 0 | M50: =IF(E50=0,,IF(H50/E50>P50,INT(E50*P50),H50)) -> 0 | N50: =IF(E50=0,,IF(J50/E50>Q50,INT(Q50*E50),J50)) -> 0 | P50: 147550 | Q50: 12465 | S50: =IF(ISBLANK(E50),0,IF(K50>M50+Q50,+K50-M50-N50,0)) -> 0
D51: fa | F51: m2 | G51: ='02_Vállalkozási szerződés1'!G80+'02_Vállalkozási szerződés2 '!G81+'02_Vállalkozási szerződés3'!G81+'02_Vállalkozási szerződés4'!G81+'03_Saját beszerzés'!G48 -> 0 | H51: ='02_Vállalkozási szerződés1'!H80+'02_Vállalkozási szerződés2 '!H81+'02_Vállalkozási szerződés3'!H81+'02_Vállalkozási szerződés4'!H81+'03_Saját beszerzés'!H48 -> 0 | I51: ='02_Vállalkozási szerződés1'!I80+'02_Vállalkozási szerződés2 '!I81+'02_Vállalkozási szerződés3'!I81+'02_Vállalkozási szerződés4'!I81 -> 0 | J51: ='02_Vállalkozási szerződés1'!J80+'02_Vállalkozási szerződés2 '!J81+'02_Vállalkozási szerződés3'!J81+'02_Vállalkozási szerződés4'!J81 -> 0 | K51: =IFERROR(H51+J51,) -> 0 | M51: =IF(E51=0,,IF(H51/E51>P51,INT(E51*P51),H51)) -> 0 | N51: =IF(E51=0,,IF(J51/E51>Q51,INT(Q51*E51),J51)) -> 0 | P51: 147550 | Q51: 12465 | S51: =IF(ISBLANK(E51),0,IF(K51>M51+Q51,+K51-M51-N51,0)) -> 0
B52: B1g. Padló-, mennyezetfűtési rendszerek | C52: Padlófűtési csőrendszer kiépítése | F52: m2 | G52: ='02_Vállalkozási szerződés1'!G81+'02_Vállalkozási szerződés2 '!G82+'02_Vállalkozási szerződés3'!G82+'02_Vállalkozási szerződés4'!G82+'03_Saját beszerzés'!G49 -> 0 | H52: ='02_Vállalkozási szerződés1'!H81+'02_Vállalkozási szerződés2 '!H82+'02_Vállalkozási szerződés3'!H82+'02_Vállalkozási szerződés4'!H82+'03_Saját beszerzés'!H49 -> 0 | I52: ='02_Vállalkozási szerződés1'!I81+'02_Vállalkozási szerződés2 '!I82+'02_Vállalkozási szerződés3'!I82+'02_Vállalkozási szerződés4'!I82 -> 0 | J52: ='02_Vállalkozási szerződés1'!J81+'02_Vállalkozási szerződés2 '!J82+'02_Vállalkozási szerződés3'!J82+'02_Vállalkozási szerződés4'!J82 -> 0 | K52: =IFERROR(H52+J52,) -> 0 | L52: =SUM(K52:K53) -> 0 | M52: =IF(E52=0,,IF(H52/E52>P52,INT(E52*P52),H52)) -> 0 | N52: =IF(E52=0,,IF(J52/E52>Q52,INT(Q52*E52),J52)) -> 0 | O52: =SUM(M52:N53) -> 0 | P52: 18034 | Q52: 19050 | S52: =IF(ISBLANK(E52),0,IF(K52>M52+Q52,+K52-M52-N52,0)) -> 0
C53: Mennyezethűtési és fűtési rendszer kiépítése | F53: m2 | G53: ='02_Vállalkozási szerződés1'!G82+'02_Vállalkozási szerződés2 '!G83+'02_Vállalkozási szerződés3'!G83+'02_Vállalkozási szerződés4'!G83+'03_Saját beszerzés'!G50 -> 0 | H53: ='02_Vállalkozási szerződés1'!H82+'02_Vállalkozási szerződés2 '!H83+'02_Vállalkozási szerződés3'!H83+'02_Vállalkozási szerződés4'!H83+'03_Saját beszerzés'!H50 -> 0 | I53: ='02_Vállalkozási szerződés1'!I82+'02_Vállalkozási szerződés2 '!I83+'02_Vállalkozási szerződés3'!I83+'02_Vállalkozási szerződés4'!I83 -> 0 | J53: ='02_Vállalkozási szerződés1'!J82+'02_Vállalkozási szerződés2 '!J83+'02_Vállalkozási szerződés3'!J83+'02_Vállalkozási szerződés4'!J83 -> 0 | K53: =IFERROR(H53+J53,) -> 0 | M53: =IF(E53=0,,IF(H53/E53>P53,INT(E53*P53),H53)) -> 0 | N53: =IF(E53=0,,IF(J53/E53>Q53,INT(Q53*E53),J53)) -> 0 | P53: 19050 | Q53: 31750 | S53: =IF(ISBLANK(E53),0,IF(K53>M53+Q53,+K53-M53-N53,0)) -> 0
B54: B1f. Fűtéskorszerűsítés (levegő-víz hőszivattyú, hőleadók) | C54: Hőszivattyús rendszer | E54: - | F54: - | G54: ='02_Vállalkozási szerződés1'!G83+'02_Vállalkozási szerződés2 '!G84+'02_Vállalkozási szerződés3'!G84+'02_Vállalkozási szerződés4'!G84+'03_Saját beszerzés'!G51 -> 0 | H54: ='02_Vállalkozási szerződés1'!H83+'02_Vállalkozási szerződés2 '!H84+'02_Vállalkozási szerződés3'!H84+'02_Vállalkozási szerződés4'!H84+'03_Saját beszerzés'!H51 -> 0 | I54: ='02_Vállalkozási szerződés1'!I83+'02_Vállalkozási szerződés2 '!I84+'02_Vállalkozási szerződés3'!I84+'02_Vállalkozási szerződés4'!I84 -> 0 | J54: ='02_Vállalkozási szerződés1'!J83+'02_Vállalkozási szerződés2 '!J84+'02_Vállalkozási szerződés3'!J84+'02_Vállalkozási szerződés4'!J84 -> 0 | K54: =IFERROR(H54+J54,) -> 0 | L54: =SUM(K54:K55) -> 0 | M54: =IF(H54>P54,P54,H54) -> 0 | N54: =IF(J54>Q54,Q54,J54) -> 0 | O54: =SUM(M54:N55) -> 0 | P54: 6438980 | Q54: 2112867 | S54: =IF(K54>M54+Q54,+K54-M54-N54,0) -> 0
C55: Hőleadók cseréje | E55: - | F55: - | G55: ='02_Vállalkozási szerződés1'!G84+'02_Vállalkozási szerződés2 '!G85+'02_Vállalkozási szerződés3'!G85+'02_Vállalkozási szerződés4'!G85+'03_Saját beszerzés'!G52 -> 0 | H55: ='02_Vállalkozási szerződés1'!H84+'02_Vállalkozási szerződés2 '!H85+'02_Vállalkozási szerződés3'!H85+'02_Vállalkozási szerződés4'!H85+'03_Saját beszerzés'!H52 -> 0 | I55: ='02_Vállalkozási szerződés1'!I84+'02_Vállalkozási szerződés2 '!I85+'02_Vállalkozási szerződés3'!I85+'02_Vállalkozási szerződés4'!I85 -> 0 | J55: ='02_Vállalkozási szerződés1'!J84+'02_Vállalkozási szerződés2 '!J85+'02_Vállalkozási szerződés3'!J85+'02_Vállalkozási szerződés4'!J85 -> 0 | K55: =IFERROR(H55+J55,) -> 0 | M55: =IF(H55>P55,P55,H55) -> 0 | N55: =IF(J55>Q55,Q55,J55) -> 0 | P55: 1422400 | Q55: 2133600 | S55: =IF(K55>M55+Q55,+K55-M55-N55,0) -> 0
B56: E. Egyéb költségek | C56: E1. Záró energetikai tanusítvány | I56: =+'03_Saját beszerzés'!I53 -> 0 | J56: =+'03_Saját beszerzés'!J53 -> 0 | K56: =IFERROR(H56+J56,) -> 0 | L56: =SUM(K56:K58) -> 0 | N56: =IF(ISBLANK(J56),,MIN(Q56,K56)) -> 0 | O56: =SUM(M56:N58) -> 0 | Q56: 65000 | S56: =MAX(K56-N56,0) -> 0
C57: E2. Tanácsadás | I57: =+'03_Saját beszerzés'!I54 -> 0 | J57: =+'03_Saját beszerzés'!J54 -> 0 | K57: =IFERROR(H57+J57,) -> 0 | N57: =IF(ISBLANK(J57),,MIN(Q57,J57)) -> 0 | Q57: 140000 | S57: =MAX(K57-N57,0) -> 0
C58: E3. Egyéb elszámolható költségek | I58: =+'03_Saját beszerzés'!I55 -> 0 | J58: =+'03_Saját beszerzés'!J55 -> 0 | K58: =IFERROR(H58+J58,) -> 0 | N58: =IF(ISBLANK(J58),,MIN(J58,Q58-N56-N57)) -> 0 | Q58: 300000 | S58: =MAX(K58-N58,0) -> 0
B59: BRUTTÓ ELSZÁMOLHATÓ KÖLTSÉGEK ÖSSZESEN | K59: =O56+O15+O12 -> 0
B60: L. Nem elszámolható költségek | I60: Nettó | K60: Bruttó
C61: L1. Projekten felüli, a beruházás életképes megvalósításához szükséges | I61: ='02_Vállalkozási szerződés1'!I87+'02_Vállalkozási szerződés2 '!I88+'02_Vállalkozási szerződés3'!I88+'02_Vállalkozási szerződés4'!I88+'03_Saját beszerzés'!I58 -> 0 | K61: ='02_Vállalkozási szerződés1'!K87+'02_Vállalkozási szerződés2 '!K88+'02_Vállalkozási szerződés3'!K88+'02_Vállalkozási szerződés4'!K88+'03_Saját beszerzés'!K58 -> 0 | M61: =+IFERROR(H61/E61,"")
C62: L2. Fajlagos költségen felüli nem elszámolható költségek | K62: =SUM(S12:S58) -> 0
C63: Összesen | K63: =+K62+K61 -> 0
B64: MINDÖSSZESEN | K64: =+K59+K63 -> 0
B66: III. Nyilatkozatok
B67: Alulírott Kölcsönigénylő (meghatalmazottja) kijelentem, hogy a jelen Nyilatkozatban feltüntetett adatok tartalmát megismertem és elfogadom, valamint a Projektre vonatkozóan kötelezően betartom és betartatom.
B68: 1. A projekt valamennyi költsége vonatkozásában rendelkezem/rendelkezünk megkötött (feltételesen hatályos) érvényes szerződéssel, vagy árajánlattal, kivéve azon költségelemeket, melyek esetében a Lakossági Eljárási Rend értelmében nem szükséges szerződést vagy árajánlatot benyújtani a piaci ár alátámasztására.
B69: 2. A beruházás során elszámolt beépítésre kerülő építési kulcstermékek szerepelnek az ÉMI NKft. az ofp.emi.hu honlapon található Építési kulcstermékek adatbázisában.
B70: 3. Tudomásul veszem, hogy a projekt megvalósítását megelőző fejlesztés előtti (kiinduló) állapothoz képest a korszerűsítéssel érintett épületen legalább 30%-os mértékű primer energiafogyasztás csökkenést kell elérni, melyet a kölcsönkérelem benyújtásakor és az utolsó folyósítás feltételeként benyújtott hiteles energetikai tanúsítvánnyal (a kölcsönkérelem benyújtásakor a tervezett állapotra vonatkozó energetikai számítással) szükséges igazolni.
B71: 4. Tudomásul veszem, hogy csak és kizárólag a Kölcsönigénylő nevére és a megvalósítási helyszín címére kiállított számla fogadható el.
B72: 5. A beszerezni kívánt anyagok kereskedelmi forgalmazásával üzletszerűen foglalkozó, kereskedőnek vagy gyártónak minősülő szállítótól (aki szintén az érintett anyagok kereskedelmi forgalmával üzletszerűen foglalkozó, hivatalos forgalmazójától, vagy gyártónak minősülő szállítójától szerezte azokat be) szerzem/szerezzük be, a piacon szokványos jótállási és szavatossági feltételek biztosítása mellett.
B73: 6. A fejlesztéssel érintett szerkezeti elemek uniós, költségvetési vagy egyéb támogatás igénybevételével nem kerültek energetikai korszerűsítésre. Amennyiben korszerűsítésre kerültek, úgy a fenntartási időszak lezárult, vagy a szerkezeti elem ismételt korszerűsítéséhez a Támogató hozzájárulását adta.
B74: Kelt:
K76: =IF(ISBLANK(D5),"",D5)
K77: Kölcsönigénylő aláírása
C78: ELŐTTÜNK MINT TANÚK ELŐTT
C79: Aláírás | I79: Aláírás
C80: Név (nyomtatott betűkkel) | I80: Név (nyomtatott betűkkel)
C81: Állandó lakhely | I81: Állandó lakhely

Sheet 02_Vállalkozási szerződés1
B1: Vállalkozási szerződés | K1: Hatályos: | L1: =+'01_Költségvetés'!N3 -> 2025.10.15-től
B2: a KEHOP Plusz-4.1.7-24 kódszámú Otthonfelújítási Program Lakossági energiahatékonysági beruházások megvalósításához igénybevételéhez
B3: amely létrejött egyrészről
B4: név: | E4: {=IF(ISBLANK('01_Költségvetés'!D5:D5),"",'01_Költségvetés'!D5:D5)}
B5: születési hely/idő:
B6: anyja neve:
B7: állandó lakcíme:
B8: (a továbbiakban: Megrendelő), másrészről
B9: cég/vállalkozó neve:
B10: cégjegyzékszám/egyéni vállalkozói nyilvántartási száma:
B11: székhelye:
B12: adószáma:
B13: képviseletében eljáró személy:
B14: mint vállalkozó (a továbbiakban: Vállalkozó),
B15: (a továbbiakban együtt: Felek) között a szerződés aláírásának napján, az alábbiak szerint:
B16: I. A szerződés tárgya:
B17: A „Otthonfelújítási Program - Lakossági energiahatékonysági beruházások megvalósításához” című (KEHOP Plusz 4.1.7-24 kódszámú) Felhíváshoz (a továbbiakban: Felhívás) kapcsolódó Európai Uniós forrású Lakossági Hitelprogramok Eljárási Rendjének (a továbbiakban Lakossági Eljárási Rend) keretében benyújtásra kerülő kölcsönkérelembe foglalt, jelen szerződésben részletezett műszaki tartalom hatályos jogszabályoknak megfelelő módon történő megvalósítása az alábbi ingatlanon:
B18: Az ingatlan címe: | E18: {=IF(ISBLANK('01_Költségvetés'!D6:D6),"",'01_Költségvetés'!D6:D6)}
B20: II. Műszaki tartalom:
B21: Jelen szerződés I. pontjában megjelölt ingatlan vonatkozásában a Megrendelő jelen szerződés alapján megrendeli a Vállalkozótól, a Vállalkozó pedig vállalja – a Lakossági Eljárási Rend alapján benyújtásra kerülő Felhívásban foglalt – a vállalkozói szerződés 1. számú mellékletében felsorolt műszaki tartalom megvalósítását. A Megrendelő kötelezettséget vállal a jelen szerződés alapján elvégzett munka átvételére és a vállalkozói díj megfizetésére. A Vállalkozói szerződés jelen pontjában rögzített táblázatban foglalt műszaki tartalommal, valamint a Lakossági Eljárási Rendben foglaltakkal összhangban tételes árazott költségvetés kiállításra, illetve a Megrendelő részére átadásra kerül. A tételes, árazott költségvetésnek alkalmasnak kell lennie a felhívásban rögzített műszaki követelmények, illetve a fajlagos költségkorlátok ellenőrzésére. A Vállakozó vállalja, hogy az energetikai korszerűsítés eredményeként a beruházás megvalósítást megelőző fejlesztés előtti (kiinduló) állapothoz képest az ingatlan elsődleges (primer) energiafogyasztása legalább 30%-os mértékű csökkenést ér el. (Amennyiben a szerződéssel érintett projekt megvalósításában több kivitelező vesz részt, úgy a legalább 30%-os energiamegtakarítás elérése együttes közreműködésükre értendő.) Megrendelő vállalja, hogy a 30%-os mértékű elsődleges (primer) energiafogyasztás csökkenést Hiteles Energetikai Tanúsítvánnyal köteles alátámasztani.
B22: III. Vállalkozási díj:
B23: A Vállalkozó a Lakossági Eljárási Rend alapján benyújtásra kerülő Kölcsönkérelemben foglalt, jelen szerződés II. pontjában részletezett műszaki tartalom szerződésszerű megvalósításának eredményeképpen az alábbi vállalkozói díja összesen:
B24: Nettó: | C24: =SUM(G46:G84)+SUM(I46:I84)+I87 -> 0
B25: + Áfa: | C25: =+C26-C24 -> 0
B26: Bruttó: | C26: =+K88 -> 0
B28: IV. Munkavégzés ütemezése, határidők, fizetési feltételek
B29: Felek rögzítik, hogy a jelen szerződésben foglalt műszaki tartalom megvalósítása (beleértve a beépítésre kerülő anyagok / berendezések beszerzését is), a kapcsolódó Kölcsönkérelem benyújtását megelőzően nem kezdődött meg és a tervezett projektmegvalósítási határidőig megtörténik. A Vállakozó jelen szerződésben foglalt műszaki tartalom megvalósítása kapcsán a Megrendelővel a következőkben állapodik meg:
B31: Munkavégzés megkezdésének várható időpontja (formátum: éééé.hh.)
B32: Munkavégzés befejezésének várható időpontja (formátum: éééé.hh.)
B33: Vállalkozói előlegbekérő/díjbekérő kiállításra kerül (Igen/Nem)
B36: A számlák kiállításakor Vállalkozó vállalja, hogy a Felhívás keretében nem támogatható tevékenységeket külön számlán vagy számlákon szerepelteti. A számla kiállításakor a Vállalkozó vállalja, hogy a számlában foglaltakkal, továbbá a Vállalkozói szerződéssel, illetve annak esetleges módosításaival összhangban tételes, árazott számlarészletező dokumentumot állít ki, illetve ad át a Megrendelő részére, mely dokumentum az elszámolás során becsatolandó. Vállalkozó kijelenti, hogy a Megrendelő nevére szóló jelen szerződésen alapuló számlával vagy számlákkal kapcsolatosan az állami adó- és vámhatóság részére az adatszolgáltatási kötelezettségét az előírt határidőben teljesíti az általános forgalmi adóról szóló 2007. évi CXXVII. törvény 10. számú melléklet 1. pontja szerinti adatszolgáltatási kötelezettségét, amely szerint köteles az állami adó- és vámhatóság részére adatot szolgáltatni a belföldön teljesített termékértékesítéséről, szolgáltatásnyújtásáról kibocsátott vagy kiállított számláról, számlával egy tekintet alá eső okiratról.
B37: V. Jótállási, garanciális, illetve szavatossági kötelezettségek
B38: Vállalkozó vállalja a kapcsolódó jogszabályokban előírt jótállás, garancia, illetve szavatosság nyújtását. Vállalkozó I. osztályú minőség teljesítésére vállalkozik. Kivitelező tudomásul veszi, hogy hibás, nem I. osztályú, jogszabályoknak nem megfelelő teljesítés esetén az átvételre kizárólag a hibák kijavítása után kerülhet sor.
B39: VI. Egyéb rendelkezések
B40: Vállalkozó kijelenti, hogy a. az előzetes felmérés alapján a beruházással érintett épület műszaki állapota alapján alkalmas a jelen szerződésben foglalt munkálatok fogadására; b. a beruházás során kizárólag kereskedelmi forgalomból beszerzett új berendezések, készülékek és anyagok kerültek beépítésére, amelyek rendelkeztek mind a forgalomba hozatali, mind pedig a beépítéshez szükséges engedélyekkel, minősítésekkel, teljesítmény nyilatkozatokkal stb., amelyek meglétéről és azok megfelelő tartalmáról a Kivitelező meggyőződött (figyelemmel a 275/2013. (VII. 16.) Korm. rendelet előírásaira); c. a beruházás az építőipari kivitelezési tevékenységre vonatkozó jogszabályok, szabványok, irányelvek, általános érvényű és eseti előírások, így különösen a statikai, tűzvédelmi és az épületenergetikai követelmények, szakmai, minőségi, környezetvédelmi és biztonsági előírások megtartásával szakszerűen kerül elvégzésre, kiemelve az alábbi jogszabályokat: · a beruházás során alkalmazott műszaki megoldások az épített környezet alakításáról és védelméről szóló 1997. évi LXXVIII. tv. 31. §-a (2) bekezdésének értelmében az országos településrendezési és építési követelményekről szóló kormányrendeletben meghatározott alapvető követelmények érvényre juttatásával valósulnak meg, · a beruházás során alkalmazott műszaki megoldások megfelelnek az Országos Tűzvédelmi Szabályzatról szóló 54/2014. (XII. 5.) BM rendelet előírásainak. A beépítésre kerülő építési termékek tűzállósági teljesítményei megfelelőek; d. a beruházás során a gyártók minősítéseiben és alkalmazástechnikai útmutatóiban foglalt előírások, ajánlások maradéktalanul betartásra kerülnek; e. a beruházás során keletkező építési-bontási hulladék az előírások szerint kerül kezelésre, továbbá az az építőipari kivitelezési tevékenység befejezésekor a munkaterületről a külön jogszabályban foglaltak szerint elszállításra kerül.
B41: Vállalkozó felelős a munkaterület biztonságáért és saját alkalmazottainak munkavédelméért, a saját és a Megrendelő tulajdonának biztonságáért, valamint a Megrendelőnek és harmadik félnek okozott károkért. A munkaterületre szállított anyagok, gépek és egyéb értékek őrzéséről a Vállalkozó gondoskodik. Felek rögzítik, hogy jelen vállalkozási szerződés azon a napon lép hatályba, amelyen a Megrendelő megkötötte a Kölcsönszerződést. A Kölcsönszerződés megkötéséről a Megrendelő haladéktalanul értesíti a Vállalkozót. Felek kijelentik, hogy a Megrendelő sikertelen kölcsönfelvétele esetén egymás felé követelésük nincs; a kölcsönfelvétel meghiúsulásáról a Megrendelő haladéktalanul értesíti a Vállalkozót. Felek rögzítik és kijelentik, hogy „A fenntartható fejlődés elősegítése figyelembe véve az ENSZ fenntartható fejlődésre vonatkozó céljait, a Párizsi Megállapodást, a „szennyező fizet” elvet és a „ne okozz jelentős kárt” elvet.” értelmében a teljes beruházás tervezése és megvalósítása során Felek folyamatosan vizsgálják, hogy annak működése és eredményei hogyan érintik, befolyásolják azt a közösséget és azt a környezetet, amiben a Projekt megvalósul. A környezetvédelmi jogszabályokat Felek betartják, a Projekt által érintett területen a védett természeti és kulturális értékeket megőrzik, a fennálló, vagy a beruházás során keletkezett környezeti kárt és az alapvető jogok tiszteletben tartása szempontjából jogszabályba ütköző nem-megfelelőséget legkésőbb a Projekt megvalósításáig megszüntetik a „Tájékoztató a jelentős károkozás elkerüléséhez - Lakossági energiahatékonysági beruházók részére” című dokumentum, valamint a Lakossági Eljárási Rend Alapjogi Chartának való megfelelésére vonatkozó rendelkezései szerint. A Felek egybehangzóan kijelentik, hogy a Vállalkozó, valamint a Vállalkozó közvetlen vagy közvetett tulajdonosa, vezető tisztségviselője, munkavállalója nem közeli hozzátartozója vagy élettársa a Megrendelőnek, illetve az Otthonfelújítási Programban Adóstársaként megjelölt személynek (továbbiakban: Adóstárs), valamint a Megrendelő, illetve Adóstársa nem munkavállalója, vezető tisztségviselője vagy tagja a Vállalkozónak. Jelen szerződésben nem szabályozott kérdésekben a Polgári Törvénykönyvről szóló 2013. évi V. törvény, valamint a felek külön megállapodása az irányadó.
B43: Műszaki tartalom
B44: Megnevezés | E44: Mennyi-ség | F44: Mérték-egység | G44: Anyagköltség | I44: Munkadíj | K44: Bruttó költség összesen
G45: Nettó | H45: Bruttó | I45: Nettó | J45: Bruttó
B46: B1b. Használati melegvíz rendszerek | C46: Használati melegvíz előállító berendezés | K46: =IFERROR(H46+J46,) -> 0 | L46: =SUM(K46:K49) -> 0
C47: Hőszivattyús használati melegvíz előállító és tároló berendezés felszerelés | K47: =IFERROR(H47+J47,) -> 0
C48: Használati melegvizet előállító napkollektor telepítése | D48: síkkollektor | F48: m2 | K48: =IFERROR(H48+J48,) -> 0
D49: vákuumcsöves kollektor | F49: m2 | K49: =IFERROR(H49+J49,) -> 0
B50: B1c. Határoló szerkezetek hőszigetelése | C50: Homlokzat EPS és lábazati XPS | D50: -12 cm-ig | F50: m2 | K50: =IFERROR(H50+J50,) -> 0 | L50: =SUM(K50:K72) -> 0
D51: 13-15 cm | F51: m2 | K51: =IFERROR(H51+J51,) -> 0
D52: 16-20 cm | F52: m2 | K52: =IFERROR(H52+J52,) -> 0
C53: Homlokzat kőzetgyapot és lábazati XPS | D53: -12 cm-ig | F53: m2 | K53: =IFERROR(H53+J53,) -> 0
D54: 13-15 cm | F54: m2 | K54: =IFERROR(H54+J54,) -> 0
D55: 16-20 cm | F55: m2 | K55: =IFERROR(H55+J55,) -> 0
C56: Homlokzat PIR és lábazati XPS | D56: -12 cm-ig | F56: m2 | K56: =IFERROR(H56+J56,) -> 0
D57: 13-15 cm | F57: m2 | K57: =IFERROR(H57+J57,) -> 0
D58: 16-20 cm | F58: m2 | K58: =IFERROR(H58+J58,) -> 0
C59: Tetősík | D59: -20 cm-ig | F59: m2 | K59: =IFERROR(H59+J59,) -> 0
D60: 21-25 cm | F60: m2 | K60: =IFERROR(H60+J60,) -> 0
D61: 26-30 cm | F61: m2 | K61: =IFERROR(H61+J61,) -> 0
C62: Padlásfödém (kőzetgyapot) | D62: -30 cm-ig | F62: m2 | K62: =IFERROR(H62+J62,) -> 0
D63: 31-40 cm | F63: m2 | K63: =IFERROR(H63+J63,) -> 0
C64: Padlásfödém (üveggyapot) | D64: -30 cm-ig | F64: m2 | K64: =IFERROR(H64+J64,) -> 0
D65: 31-40 cm | F65: m2 | K65: =IFERROR(H65+J65,) -> 0
C66: Pincefödém | D66: -10 cm-ig | F66: m2 | K66: =IFERROR(H66+J66,) -> 0
D67: 11-15 cm | F67: m2 | K67: =IFERROR(H67+J67,) -> 0
C68: Árkád feletti alulról hűlő födém(kőzetgyapot) | D68: -12 cm-ig | F68: m2 | K68: =IFERROR(H68+J68,) -> 0
D69: 13-15 cm | F69: m2 | K69: =IFERROR(H69+J69,) -> 0
D70: 16-20 cm | F70: m2 | K70: =IFERROR(H70+J70,) -> 0
C71: Nem járható egyenes rétegrendű lapostető | D71: -15 cm-ig | F71: m2 | K71: =IFERROR(H71+J71,) -> 0
D72: 16-20 cm | F72: m2 | K72: =IFERROR(H72+J72,) -> 0
B73: B1d. Nyílászáró csere | C73: Homlokzati | D73: műanyag | F73: m2 | K73: =IFERROR(H73+J73,) -> 0 | L73: =SUM(K73:K80) -> 0
D74: fa | F74: m2 | K74: =IFERROR(H74+J74,) -> 0
C75: Tetősík | D75: műanyag | F75: m2 | K75: =IFERROR(H75+J75,) -> 0
D76: fa | F76: m2 | K76: =IFERROR(H76+J76,) -> 0
C77: Lamellás külső árnyékolók (zsaluziák) | F77: m2 | K77: =IFERROR(H77+J77,) -> 0
C78: Redőny | D78: műanyag | F78: m2 | K78: =IFERROR(H78+J78,) -> 0
D79: aluminium | F79: m2 | K79: =IFERROR(H79+J79,) -> 0
D80: fa | F80: m2 | K80: =IFERROR(H80+J80,) -> 0
B81: B1g. Padló-, mennyezetfűtési rendszerek | C81: Padlófűtési csőrendszer kiépítése | F81: m2 | K81: =IFERROR(H81+J81,) -> 0 | L81: =SUM(K81:K82) -> 0
C82: Mennyezethűtési és fűtési rendszer kiépítése | F82: m2 | K82: =IFERROR(H82+J82,) -> 0
B83: B1f. Fűtéskorszerűsítés (levegő-víz hőszivattyú, hőleadók) | C83: Hőszivattyús rendszer | K83: =IFERROR(H83+J83,) -> 0 | L83: =SUM(K83:K84) -> 0
C84: Hőleadók cseréje | K84: =IFERROR(H84+J84,) -> 0
B85: BRUTTÓ ELSZÁMOLHATÓ KÖLTSÉGEK ÖSSZESEN | K85: =SUM(K46:K84) -> 0
B86: F. Nem elszámolható költségek | C86: Projekten felüli, a beruházás életképes megvalósításához szükséges | I86: Nettó | K86: Bruttó
B88: MINDÖSSZESEN | K88: =IFERROR(+K87+K85,) -> 0
B90: A projekt megvalósításához szükséges hatósági és egyéb engedély(ek) megnevezése / Az engedélyezési folyamat státuszának és ütemezésének ismertetése:
B91: Nem szükségesek engedélyek.
B92: Építészeti műszaki dokumentáció hiányában az építési termék építménybe történő betervezésének és beépítésének, ennek során a teljesítmény igazolásának részletes szabályairól szóló 275/2013. (VII. 16.) Korm. rendelet értelmében az építési termékek elvárt műszaki teljesítményét a kivitelezési szerződésben kell meghatározni, amelyet a nyilatkozathoz mellékelni szükséges.
B94: Kivitelezői nyilatkozatok
B95: Alulírott a kivitelezést végző cég képviseletében eljárva büntetőjogi felelősségem teljes tudatában nyilatkozom az alábbiakról:
B96: 1. Megismertem az épület korszerűsítésére (tervezett állapotra) vonatkozó 9/2023. (V. 25.) ÉKM rendelet alapján elkészített energetikai tanúsítvány megalapozó számításban foglalt elvárt műszaki tartalmat és az építési tevékenységet ennek megfelelően végzem el. A műszaki tartalommal kapcsolatban szakmai aggály nem merült fel. | L96: Igen
B97: 2. A költségek meghatározását és a szükséges engedélyek megadását a megvalósítás helyszínén végzett helyszíni felmérések, valamint a rendelkezésre álló tervrajzok, műszaki adatok alapján határoztuk meg. | L97: Igen
B98: 3. A megvalósítás helyszínén végzett helyszíni felmérések során olyan szerkezeti hibát, problémát nem fedeztünk fel, mely az épület állékonysági problémájára utalna, beleértve ebbe a tartószerkezet megfelelőségének vizsgálatát is. | L98: Igen
B99: 4. A (feltételesen hatályos) vállalkozási szerződésben a műszaki tartalom részletezése során a Felhívásban nevesített támogatható tevékenységek és az ahhoz kapcsolódó elszámolható költségek, valamint az ingatlan bővítésével, átalakításával vagy átépítésével kapcsolatos nem elszámolható költségek és egyéb nem támogatható tevékenységek elkülönítve kerülnek feltüntetésre. | L99: Igen
B100: 5. A beépíteni kívánt eszközök megfelelnek a vonatkozó európai irányelveknek, szabványoknak, illetve az azokat harmonizáló magyar rendeleteknek, szabványoknak, környezetvédelmi előírásoknak. A beépítésre kerülő, megújuló energiát hasznosító rendszerek megfelelnek továbbá a megújuló energiát termelő berendezések és rendszerek beszerzéséhez és működtetéséhez nyújtott támogatások igénybevételének műszaki követelményeiről szóló 55/2016. (XII. 21.) NFM rendeletben foglalt előírásoknak, továbbá a beépítésre javasolt energiatermelő berendezés(ek) alkalmas(ak) a beruházással érintett épület(ek) energiaellátásának folyamatos és környezetkímélő biztosítására. | L100: Igen
B101: 6. A beépítendő építési termékek és szerkezetek tűzvédelmi [az Országos Tűzvédelmi Szabályzatról szóló 54/2014. (XII. 5.) BM rendelet alapján], valamint minőségi megfelelősége [az építési termék építménybe történő betervezésének és beépítésének, ennek során a teljesítmény igazolásának részletes szabályairól szóló 275/2013. (VII. 16.) Korm. rendelet szerinti teljesítménynyilatkozat bemutatásával] igazolható. | L101: Igen
B102: 7. A Projektben elszámolható költségként megjelölt, a korszerűsítés során felhasználásra kerülő alapanyagok - amelyek a Felhívás szerint kulcsterméknek minősülnek - szerepelnek ofp.emi.hu honlapon található Építési Kulcstermékek adatbázisában. | L102: Igen
B103: 8. A beszerezni kívánt anyagokat hivatalos forgalmazással üzletszerűen foglalkozó kereskedőtől vagy gyártónak minősülő szállítótól, vagy a Kölcsönigénylő által (aki szintén az érintett anyagok kereskedelmi forgalmával üzletszerűen foglalkozó, hivatalos forgalmazójától, vagy gyártónak minősülő szállítójától szerzi be) szerezzük be, a piacon szokványos jótállási és szavatossági feltételek biztosítása mellett. | L103: Igen
C105: (keltezés: település, dátum)
C108: =IF(ISBLANK(E4),"",E4) | H108: =IF(ISBLANK(E9),"",E9)
C109: Kölcsönigénylő aláírása | H109: Kivitelezést végző aláírása
B110: ELŐTTÜNK MINT TANÚK ELŐTT
C113: aláírás | H113: aláírás
C115: név (nyomtatott betűkkel) | H115: név (nyomtatott betűkkel)
...

Sheet 02_Vállalkozási szerződés2 
B1: Vállalkozási szerződés | K1: Hatályos: | L1: =+'01_Költségvetés'!N3 -> 2025.10.15-től
B2: a KEHOP Plusz-4.1.7-24 kódszámú Otthonfelújítási Program Lakossági energiahatékonysági beruházások megvalósításához igénybevételéhez
B3: amely létrejött egyrészről
B4: név: | E4: {=IF(ISBLANK('01_Költségvetés'!D5:D5),"",'01_Költségvetés'!D5:D5)}
B5: születési hely/idő:
B6: anyja neve:
B7: állandó lakcíme:
B8: (a továbbiakban: Megrendelő), másrészről
B9: cég/vállalkozó neve:
B10: cégjegyzékszám/egyéni vállalkozói nyilvántartási száma:
B11: székhelye:
B12: adószáma:
B13: képviseletében eljáró személy:
B14: mint vállalkozó (a továbbiakban: Vállalkozó),
B15: (a továbbiakban együtt: Felek) között a szerződés aláírásának napján, az alábbiak szerint:
B16: I. A szerződés tárgya:
B17: A „Otthonfelújítási Program - Lakossági energiahatékonysági beruházások megvalósításához” című (KEHOP Plusz 4.1.7-24 kódszámú) Felhíváshoz (a továbbiakban: Felhívás) kapcsolódó Európai Uniós forrású Lakossági Hitelprogramok Eljárási Rendjének (a továbbiakban Lakossági Eljárási Rend) keretében benyújtásra kerülő kölcsönkérelembe foglalt, jelen szerződésben részletezett műszaki tartalom hatályos jogszabályoknak megfelelő módon történő megvalósítása az alábbi ingatlanon:
B18: Az ingatlan címe: | E18: {=IF(ISBLANK('01_Költségvetés'!D6:D6),"",'01_Költségvetés'!D6:D6)}
B20: II. Műszaki tartalom:
B21: Jelen szerződés I. pontjában megjelölt ingatlan vonatkozásában a Megrendelő jelen szerződés alapján megrendeli a Vállalkozótól, a Vállalkozó pedig vállalja – a Lakossági Eljárási Rend alapján benyújtásra kerülő Felhívásban foglalt – a vállalkozói szerződés 1. számú mellékletében felsorolt műszaki tartalom megvalósítását. A Megrendelő kötelezettséget vállal a jelen szerződés alapján elvégzett munka átvételére és a vállalkozói díj megfizetésére. A Vállalkozói szerződés jelen pontjában rögzített táblázatban foglalt műszaki tartalommal, valamint a Lakossági Eljárási Rendben foglaltakkal összhangban tételes árazott költségvetés kiállításra, illetve a Megrendelő részére átadásra kerül. A tételes, árazott költségvetésnek alkalmasnak kell lennie a felhívásban rögzített műszaki követelmények, illetve a fajlagos költségkorlátok ellenőrzésére. A Vállakozó vállalja, hogy az energetikai korszerűsítés eredményeként a beruházás megvalósítást megelőző fejlesztés előtti (kiinduló) állapothoz képest az ingatlan elsődleges (primer) energiafogyasztása legalább 30%-os mértékű csökkenést ér el. (Amennyiben a szerződéssel érintett projekt megvalósításában több kivitelező vesz részt, úgy a legalább 30%-os energiamegtakarítás elérése együttes közreműködésükre értendő.) Megrendelő vállalja, hogy a 30%-os mértékű elsődleges (primer) energiafogyasztás csökkenést Hiteles Energetikai Tanúsítvánnyal köteles alátámasztani.
B22: III. Vállalkozási díj:
B23: A Vállalkozó a Lakossági Eljárási Rend alapján benyújtásra kerülő Kölcsönkérelemben foglalt, jelen szerződés II. pontjában részletezett műszaki tartalom szerződésszerű megvalósításának eredményeképpen az alábbi vállalkozói díja összesen:
B24: Nettó: | C24: =SUM(G47:G85)+SUM(I47:I85)+I88 -> 0
B25: + Áfa: | C25: =+C26-C24 -> 0
B26: Bruttó: | C26: =+K89 -> 0
B28: IV. Munkavégzés ütemezése, határidők, fizetési feltételek
B29: Felek rögzítik, hogy a jelen szerződésben foglalt műszaki tartalom megvalósítása (beleértve a beépítésre kerülő anyagok / berendezések beszerzését is), a kapcsolódó Kölcsönkérelem benyújtását megelőzően nem kezdődött meg és a tervezett projektmegvalósítási határidőig megtörténik. A Vállakozó jelen szerződésben foglalt műszaki tartalom megvalósítása kapcsán a Megrendelővel a következőkben állapodik meg:
B31: Munkavégzés megkezdésének várható időpontja (formátum: éééé.hh.)
B32: Munkavégzés befejezésének várható időpontja (formátum: éééé.hh.)
B33: Vállalkozói előlegbekérő/díjbekérő kiállításra kerül (Igen/Nem)
B36: A számlák kiállításakor Vállalkozó vállalja, hogy a Felhívás keretében nem támogatható tevékenységeket külön számlán vagy számlákon szerepelteti. A számla kiállításakor a Vállalkozó vállalja, hogy a számlában foglaltakkal, továbbá a Vállalkozói szerződéssel, illetve annak esetleges módosításaival összhangban tételes, árazott számlarészletező dokumentumot állít ki, illetve ad át a Megrendelő részére, mely dokumentum az elszámolás során becsatolandó. Vállalkozó kijelenti, hogy a Megrendelő nevére szóló jelen szerződésen alapuló számlával vagy számlákkal kapcsolatosan az állami adó- és vámhatóság részére az adatszolgáltatási kötelezettségét az előírt határidőben teljesíti az általános forgalmi adóról szóló 2007. évi CXXVII. törvény 10. számú melléklet 1. pontja szerinti adatszolgáltatási kötelezettségét, amely szerint köteles az állami adó- és vámhatóság részére adatot szolgáltatni a belföldön teljesített termékértékesítéséről, szolgáltatásnyújtásáról kibocsátott vagy kiállított számláról, számlával egy tekintet alá eső okiratról.
B37: V. Jótállási, garanciális, illetve szavatossági kötelezettségek
B38: Vállalkozó vállalja a kapcsolódó jogszabályokban előírt jótállás, garancia, illetve szavatosság nyújtását. Vállalkozó I. osztályú minőség teljesítésére vállalkozik. Kivitelező tudomásul veszi, hogy hibás, nem I. osztályú, jogszabályoknak nem megfelelő teljesítés esetén az átvételre kizárólag a hibák kijavítása után kerülhet sor.
B39: VI. Egyéb rendelkezések
B40: Vállalkozó kijelenti, hogy a. az előzetes felmérés alapján a beruházással érintett épület műszaki állapota alapján alkalmas a jelen szerződésben foglalt munkálatok fogadására; b. a beruházás során kizárólag kereskedelmi forgalomból beszerzett új berendezések, készülékek és anyagok kerültek beépítésére, amelyek rendelkeztek mind a forgalomba hozatali, mind pedig a beépítéshez szükséges engedélyekkel, minősítésekkel, teljesítmény nyilatkozatokkal stb., amelyek meglétéről és azok megfelelő tartalmáról a Kivitelező meggyőződött (figyelemmel a 275/2013. (VII. 16.) Korm. rendelet előírásaira); c. a beruházás az építőipari kivitelezési tevékenységre vonatkozó jogszabályok, szabványok, irányelvek, általános érvényű és eseti előírások, így különösen a statikai, tűzvédelmi és az épületenergetikai követelmények, szakmai, minőségi, környezetvédelmi és biztonsági előírások megtartásával szakszerűen kerül elvégzésre, kiemelve az alábbi jogszabályokat: · a beruházás során alkalmazott műszaki megoldások az épített környezet alakításáról és védelméről szóló 1997. évi LXXVIII. tv. 31. §-a (2) bekezdésének értelmében az országos településrendezési és építési követelményekről szóló kormányrendeletben meghatározott alapvető követelmények érvényre juttatásával valósulnak meg, · a beruházás során alkalmazott műszaki megoldások megfelelnek az Országos Tűzvédelmi Szabályzatról szóló 54/2014. (XII. 5.) BM rendelet előírásainak. A beépítésre kerülő építési termékek tűzállósági teljesítményei megfelelőek; d. a beruházás során a gyártók minősítéseiben és alkalmazástechnikai útmutatóiban foglalt előírások, ajánlások maradéktalanul betartásra kerülnek; e. a beruházás során keletkező építési-bontási hulladék az előírások szerint kerül kezelésre, továbbá az az építőipari kivitelezési tevékenység befejezésekor a munkaterületről a külön jogszabályban foglaltak szerint elszállításra kerül.
B41: Vállalkozó felelős a munkaterület biztonságáért és saját alkalmazottainak munkavédelméért, a saját és a Megrendelő tulajdonának biztonságáért, valamint a Megrendelőnek és harmadik félnek okozott károkért. A munkaterületre szállított anyagok, gépek és egyéb értékek őrzéséről a Vállalkozó gondoskodik. Felek rögzítik, hogy jelen vállalkozási szerződés azon a napon lép hatályba, amelyen a Megrendelő megkötötte a Kölcsönszerződést. A Kölcsönszerződés megkötéséről a Megrendelő haladéktalanul értesíti a Vállalkozót. Felek kijelentik, hogy a Megrendelő sikertelen kölcsönfelvétele esetén egymás felé követelésük nincs; a kölcsönfelvétel meghiúsulásáról a Megrendelő haladéktalanul értesíti a Vállalkozót. Felek rögzítik és kijelentik, hogy „A fenntartható fejlődés elősegítése figyelembe véve az ENSZ fenntartható fejlődésre vonatkozó céljait, a Párizsi Megállapodást, a „szennyező fizet” elvet és a „ne okozz jelentős kárt” elvet.” értelmében a teljes beruházás tervezése és megvalósítása során Felek folyamatosan vizsgálják, hogy annak működése és eredményei hogyan érintik, befolyásolják azt a közösséget és azt a környezetet, amiben a Projekt megvalósul. A környezetvédelmi jogszabályokat Felek betartják, a Projekt által érintett területen a védett természeti és kulturális értékeket megőrzik, a fennálló, vagy a beruházás során keletkezett környezeti kárt és az alapvető jogok tiszteletben tartása szempontjából jogszabályba ütköző nem-megfelelőséget legkésőbb a Projekt megvalósításáig megszüntetik a „Tájékoztató a jelentős károkozás elkerüléséhez - Lakossági energiahatékonysági beruházók részére” című dokumentum, valamint a Lakossági Eljárási Rend Alapjogi Chartának való megfelelésére vonatkozó rendelkezései szerint. A Felek egybehangzóan kijelentik, hogy a Vállalkozó, valamint a Vállalkozó közvetlen vagy közvetett tulajdonosa, vezető tisztségviselője, munkavállalója nem közeli hozzátartozója vagy élettársa a Megrendelőnek, illetve az Otthonfelújítási Programban Adóstársaként megjelölt személynek (továbbiakban: Adóstárs), valamint a Megrendelő, illetve Adóstársa nem munkavállalója, vezető tisztségviselője vagy tagja a Vállalkozónak. Jelen szerződésben nem szabályozott kérdésekben a Polgári Törvénykönyvről szóló 2013. évi V. törvény, valamint a felek külön megállapodása az irányadó.
B44: Műszaki tartalom
B45: Megnevezés | E45: Mennyi-ség | F45: Mérték-egység | G45: Anyagköltség | I45: Munkadíj | K45: Bruttó költség összesen
G46: Nettó | H46: Bruttó | I46: Nettó | J46: Bruttó
B47: B1b. Használati melegvíz rendszerek | C47: Használati melegvíz előállító berendezés | K47: =IFERROR(H47+J47,) -> 0 | L47: =SUM(K47:K50) -> 0
C48: Hőszivattyús használati melegvíz előállító és tároló berendezés felszerelés | K48: =IFERROR(H48+J48,) -> 0
C49: Használati melegvizet előállító napkollektor telepítése | D49: síkkollektor | F49: m2 | K49: =IFERROR(H49+J49,) -> 0
D50: vákuumcsöves kollektor | F50: m2 | K50: =IFERROR(H50+J50,) -> 0
B51: B1c. Határoló szerkezetek hőszigetelése | C51: Homlokzat EPS és lábazati XPS | D51: -12 cm-ig | F51: m2 | K51: =IFERROR(H51+J51,) -> 0 | L51: =SUM(K51:K73) -> 0
D52: 13-15 cm | F52: m2 | K52: =IFERROR(H52+J52,) -> 0
D53: 16-20 cm | F53: m2 | K53: =IFERROR(H53+J53,) -> 0
C54: Homlokzat kőzetgyapot és lábazati XPS | D54: -12 cm-ig | F54: m2 | K54: =IFERROR(H54+J54,) -> 0
D55: 13-15 cm | F55: m2 | K55: =IFERROR(H55+J55,) -> 0
D56: 16-20 cm | F56: m2 | K56: =IFERROR(H56+J56,) -> 0
C57: Homlokzat PIR és lábazati XPS | D57: -12 cm-ig | F57: m2 | K57: =IFERROR(H57+J57,) -> 0
D58: 13-15 cm | F58: m2 | K58: =IFERROR(H58+J58,) -> 0
D59: 16-20 cm | F59: m2 | K59: =IFERROR(H59+J59,) -> 0
C60: Tetősík | D60: -20 cm-ig | F60: m2 | K60: =IFERROR(H60+J60,) -> 0
D61: 21-25 cm | F61: m2 | K61: =IFERROR(H61+J61,) -> 0
D62: 26-30 cm | F62: m2 | K62: =IFERROR(H62+J62,) -> 0
C63: Padlásfödém (kőzetgyapot) | D63: -30 cm-ig | F63: m2 | K63: =IFERROR(H63+J63,) -> 0
D64: 31-40 cm | F64: m2 | K64: =IFERROR(H64+J64,) -> 0
C65: Padlásfödém (üveggyapot) | D65: -30 cm-ig | F65: m2 | K65: =IFERROR(H65+J65,) -> 0
D66: 31-40 cm | F66: m2 | K66: =IFERROR(H66+J66,) -> 0
C67: Pincefödém | D67: -10 cm-ig | F67: m2 | K67: =IFERROR(H67+J67,) -> 0
D68: 11-15 cm | F68: m2 | K68: =IFERROR(H68+J68,) -> 0
C69: Árkád feletti alulról hűlő födém(kőzetgyapot) | D69: -12 cm-ig | F69: m2 | K69: =IFERROR(H69+J69,) -> 0
D70: 13-15 cm | F70: m2 | K70: =IFERROR(H70+J70,) -> 0
D71: 16-20 cm | F71: m2 | K71: =IFERROR(H71+J71,) -> 0
C72: Nem járható egyenes rétegrendű lapostető | D72: -15 cm-ig | F72: m2 | K72: =IFERROR(H72+J72,) -> 0
D73: 16-20 cm | F73: m2 | K73: =IFERROR(H73+J73,) -> 0
B74: B1d. Nyílászáró csere | C74: Homlokzati | D74: műanyag | F74: m2 | K74: =IFERROR(H74+J74,) -> 0 | L74: =SUM(K74:K81) -> 0
D75: fa | F75: m2 | K75: =IFERROR(H75+J75,) -> 0
C76: Tetősík | D76: műanyag | F76: m2 | K76: =IFERROR(H76+J76,) -> 0
D77: fa | F77: m2 | K77: =IFERROR(H77+J77,) -> 0
C78: Lamellás külső árnyékolók (zsaluziák) | F78: m2 | K78: =IFERROR(H78+J78,) -> 0
C79: Redőny | D79: műanyag | F79: m2 | K79: =IFERROR(H79+J79,) -> 0
D80: aluminium | F80: m2 | K80: =IFERROR(H80+J80,) -> 0
D81: fa | F81: m2 | K81: =IFERROR(H81+J81,) -> 0
B82: B1g. Padló-, mennyezetfűtési rendszerek | C82: Padlófűtési csőrendszer kiépítése | F82: m2 | K82: =IFERROR(H82+J82,) -> 0 | L82: =SUM(K82:K83) -> 0
C83: Mennyezethűtési és fűtési rendszer kiépítése | F83: m2 | K83: =IFERROR(H83+J83,) -> 0
B84: B1f. Fűtéskorszerűsítés (levegő-víz hőszivattyú, hőleadók) | C84: Hőszivattyús rendszer | K84: =IFERROR(H84+J84,) -> 0 | L84: =SUM(K84:K85) -> 0
C85: Hőleadók cseréje | K85: =IFERROR(H85+J85,) -> 0
B86: BRUTTÓ ELSZÁMOLHATÓ KÖLTSÉGEK ÖSSZESEN | K86: =SUM(K47:K85) -> 0
B87: F. Nem elszámolható költségek | C87: Projekten felüli, a beruházás életképes megvalósításához szükséges | I87: Nettó | K87: Bruttó
B89: MINDÖSSZESEN | K89: =IFERROR(+K88+K86,) -> 0
B91: A projekt megvalósításához szükséges hatósági és egyéb engedély(ek) megnevezése / Az engedélyezési folyamat státuszának és ütemezésének ismertetése:
B93: Építészeti műszaki dokumentáció hiányában az építési termék építménybe történő betervezésének és beépítésének, ennek során a teljesítmény igazolásának részletes szabályairól szóló 275/2013. (VII. 16.) Korm. rendelet értelmében az építési termékek elvárt műszaki teljesítményét a kivitelezési szerződésben kell meghatározni, amelyet a nyilatkozathoz mellékelni szükséges.
B95: Kivitelezői nyilatkozatok
B96: Alulírott a kivitelezést végző cég képviseletében eljárva büntetőjogi felelősségem teljes tudatában nyilatkozom az alábbiakról:
B97: 1. Megismertem az épület korszerűsítésére (tervezett állapotra) vonatkozó 9/2023. (V. 25.) ÉKM rendelet alapján elkészített energetikai tanúsítvány megalapozó számításban foglalt elvárt műszaki tartalmat és az építési tevékenységet ennek megfelelően végzem el. A műszaki tartalommal kapcsolatban szakmai aggály nem merült fel.
B98: 2. A költségek meghatározását és a szükséges engedélyek megadását a megvalósítás helyszínén végzett helyszíni felmérések, valamint a rendelkezésre álló tervrajzok, műszaki adatok alapján határoztuk meg.
B99: 3. A megvalósítás helyszínén végzett helyszíni felmérések során olyan szerkezeti hibát, problémát nem fedeztünk fel, mely az épület állékonysági problémájára utalna, beleértve ebbe a tartószerkezet megfelelőségének vizsgálatát is.
B100: 4. A (feltételesen hatályos) vállalkozási szerződésben a műszaki tartalom részletezése során a Felhívásban nevesített támogatható tevékenységek és az ahhoz kapcsolódó elszámolható költségek, valamint az ingatlan bővítésével, átalakításával vagy átépítésével kapcsolatos nem elszámolható költségek és egyéb nem támogatható tevékenységek elkülönítve kerülnek feltüntetésre.
B101: 5. A beépíteni kívánt eszközök megfelelnek a vonatkozó európai irányelveknek, szabványoknak, illetve az azokat harmonizáló magyar rendeleteknek, szabványoknak, környezetvédelmi előírásoknak. A beépítésre kerülő, megújuló energiát hasznosító rendszerek megfelelnek továbbá a megújuló energiát termelő berendezések és rendszerek beszerzéséhez és működtetéséhez nyújtott támogatások igénybevételének műszaki követelményeiről szóló 55/2016. (XII. 21.) NFM rendeletben foglalt előírásoknak, továbbá a beépítésre javasolt energiatermelő berendezés(ek) alkalmas(ak) a beruházással érintett épület(ek) energiaellátásának folyamatos és környezetkímélő biztosítására.
B102: 6. A beépítendő építési termékek és szerkezetek tűzvédelmi [az Országos Tűzvédelmi Szabályzatról szóló 54/2014. (XII. 5.) BM rendelet alapján], valamint minőségi megfelelősége [az építési termék építménybe történő betervezésének és beépítésének, ennek során a teljesítmény igazolásának részletes szabályairól szóló 275/2013. (VII. 16.) Korm. rendelet szerinti teljesítménynyilatkozat bemutatásával] igazolható.
B103: 7. A Projektben elszámolható költségként megjelölt, a korszerűsítés során felhasználásra kerülő alapanyagok - amelyek a Felhívás szerint kulcsterméknek minősülnek - szerepelnek ofp.emi.hu honlapon található Építési Kulcstermékek adatbázisában.
B104: 8. A beszerezni kívánt anyagokat hivatalos forgalmazással üzletszerűen foglalkozó kereskedőtől vagy gyártónak minősülő szállítótól, vagy a Kölcsönigénylő által (aki szintén az érintett anyagok kereskedelmi forgalmával üzletszerűen foglalkozó, hivatalos forgalmazójától, vagy gyártónak minősülő szállítójától szerzi be) szerezzük be, a piacon szokványos jótállási és szavatossági feltételek biztosítása mellett.
C106: (keltezés: település, dátum)
C109: =IF(ISBLANK(E4),"",E4) | H109: =IF(ISBLANK(E9),"",E9)
C110: Kölcsönigénylő aláírása | H110: Kivitelezést végző aláírása
B111: ELŐTTÜNK MINT TANÚK ELŐTT
C114: aláírás | H114: aláírás
C116: név (nyomtatott betűkkel) | H116: név (nyomtatott betűkkel)
C118: állandó lakhely | H118: állandó lakhely

Sheet 02_Vállalkozási szerződés3
B1: Vállalkozási szerződés | K1: Hatályos: | L1: =+'01_Költségvetés'!N3 -> 2025.10.15-től
B2: a KEHOP Plusz-4.1.7-24 kódszámú Otthonfelújítási Program Lakossági energiahatékonysági beruházások megvalósításához igénybevételéhez
B3: amely létrejött egyrészről
B4: név: | E4: {=IF(ISBLANK('01_Költségvetés'!D5:D5),"",'01_Költségvetés'!D5:D5)}
B5: születési hely/idő:
B6: anyja neve:
B7: állandó lakcíme:
B8: (a továbbiakban: Megrendelő), másrészről
B9: cég/vállalkozó neve:
B10: cégjegyzékszám/egyéni vállalkozói nyilvántartási száma:
B11: székhelye:
B12: adószáma:
B13: képviseletében eljáró személy:
B14: mint vállalkozó (a továbbiakban: Vállalkozó),
B15: (a továbbiakban együtt: Felek) között a szerződés aláírásának napján, az alábbiak szerint:
B16: I. A szerződés tárgya:
B17: A „Otthonfelújítási Program - Lakossági energiahatékonysági beruházások megvalósításához” című (KEHOP Plusz 4.1.7-24 kódszámú) Felhíváshoz (a továbbiakban: Felhívás) kapcsolódó Európai Uniós forrású Lakossági Hitelprogramok Eljárási Rendjének (a továbbiakban Lakossági Eljárási Rend) keretében benyújtásra kerülő kölcsönkérelembe foglalt, jelen szerződésben részletezett műszaki tartalom hatályos jogszabályoknak megfelelő módon történő megvalósítása az alábbi ingatlanon:
B18: Az ingatlan címe: | E18: {=IF(ISBLANK('01_Költségvetés'!D6:D6),"",'01_Költségvetés'!D6:D6)}
B20: II. Műszaki tartalom:
B21: Jelen szerződés I. pontjában megjelölt ingatlan vonatkozásában a Megrendelő jelen szerződés alapján megrendeli a Vállalkozótól, a Vállalkozó pedig vállalja – a Lakossági Eljárási Rend alapján benyújtásra kerülő Felhívásban foglalt – a vállalkozói szerződés 1. számú mellékletében felsorolt műszaki tartalom megvalósítását. A Megrendelő kötelezettséget vállal a jelen szerződés alapján elvégzett munka átvételére és a vállalkozói díj megfizetésére. A Vállalkozói szerződés jelen pontjában rögzített táblázatban foglalt műszaki tartalommal, valamint a Lakossági Eljárási Rendben foglaltakkal összhangban tételes árazott költségvetés kiállításra, illetve a Megrendelő részére átadásra kerül. A tételes, árazott költségvetésnek alkalmasnak kell lennie a felhívásban rögzített műszaki követelmények, illetve a fajlagos költségkorlátok ellenőrzésére. A Vállakozó vállalja, hogy az energetikai korszerűsítés eredményeként a beruházás megvalósítást megelőző fejlesztés előtti (kiinduló) állapothoz képest az ingatlan elsődleges (primer) energiafogyasztása legalább 30%-os mértékű csökkenést ér el. (Amennyiben a szerződéssel érintett projekt megvalósításában több kivitelező vesz részt, úgy a legalább 30%-os energiamegtakarítás elérése együttes közreműködésükre értendő.) Megrendelő vállalja, hogy a 30%-os mértékű elsődleges (primer) energiafogyasztás csökkenést Hiteles Energetikai Tanúsítvánnyal köteles alátámasztani.
B22: III. Vállalkozási díj:
B23: A Vállalkozó a Lakossági Eljárási Rend alapján benyújtásra kerülő Kölcsönkérelemben foglalt, jelen szerződés II. pontjában részletezett műszaki tartalom szerződésszerű megvalósításának eredményeképpen az alábbi vállalkozói díja összesen:
B24: Nettó: | C24: =SUM(G47:G85)+SUM(I47:I85)+I88 -> 0
B25: + Áfa: | C25: =+C26-C24 -> 0
B26: Bruttó: | C26: =+K89 -> 0
B28: IV. Munkavégzés ütemezése, határidők, fizetési feltételek
B29: Felek rögzítik, hogy a jelen szerződésben foglalt műszaki tartalom megvalósítása (beleértve a beépítésre kerülő anyagok / berendezések beszerzését is), a kapcsolódó Kölcsönkérelem benyújtását megelőzően nem kezdődött meg és a tervezett projektmegvalósítási határidőig megtörténik. A Vállakozó jelen szerződésben foglalt műszaki tartalom megvalósítása kapcsán a Megrendelővel a következőkben állapodik meg:
B31: Munkavégzés megkezdésének várható időpontja (formátum: éééé.hh.)
B32: Munkavégzés befejezésének várható időpontja (formátum: éééé.hh.)
B33: Vállalkozói előlegbekérő/díjbekérő kiállításra kerül (Igen/Nem)
B36: A számlák kiállításakor Vállalkozó vállalja, hogy a Felhívás keretében nem támogatható tevékenységeket külön számlán vagy számlákon szerepelteti. A számla kiállításakor a Vállalkozó vállalja, hogy a számlában foglaltakkal, továbbá a Vállalkozói szerződéssel, illetve annak esetleges módosításaival összhangban tételes, árazott számlarészletező dokumentumot állít ki, illetve ad át a Megrendelő részére, mely dokumentum az elszámolás során becsatolandó. Vállalkozó kijelenti, hogy a Megrendelő nevére szóló jelen szerződésen alapuló számlával vagy számlákkal kapcsolatosan az állami adó- és vámhatóság részére az adatszolgáltatási kötelezettségét az előírt határidőben teljesíti az általános forgalmi adóról szóló 2007. évi CXXVII. törvény 10. számú melléklet 1. pontja szerinti adatszolgáltatási kötelezettségét, amely szerint köteles az állami adó- és vámhatóság részére adatot szolgáltatni a belföldön teljesített termékértékesítéséről, szolgáltatásnyújtásáról kibocsátott vagy kiállított számláról, számlával egy tekintet alá eső okiratról.
B37: V. Jótállási, garanciális, illetve szavatossági kötelezettségek
B38: Vállalkozó vállalja a kapcsolódó jogszabályokban előírt jótállás, garancia, illetve szavatosság nyújtását. Vállalkozó I. osztályú minőség teljesítésére vállalkozik. Kivitelező tudomásul veszi, hogy hibás, nem I. osztályú, jogszabályoknak nem megfelelő teljesítés esetén az átvételre kizárólag a hibák kijavítása után kerülhet sor.
B39: VI. Egyéb rendelkezések
B40: Vállalkozó kijelenti, hogy a. az előzetes felmérés alapján a beruházással érintett épület műszaki állapota alapján alkalmas a jelen szerződésben foglalt munkálatok fogadására; b. a beruházás során kizárólag kereskedelmi forgalomból beszerzett új berendezések, készülékek és anyagok kerültek beépítésére, amelyek rendelkeztek mind a forgalomba hozatali, mind pedig a beépítéshez szükséges engedélyekkel, minősítésekkel, teljesítmény nyilatkozatokkal stb., amelyek meglétéről és azok megfelelő tartalmáról a Kivitelező meggyőződött (figyelemmel a 275/2013. (VII. 16.) Korm. rendelet előírásaira); c. a beruházás az építőipari kivitelezési tevékenységre vonatkozó jogszabályok, szabványok, irányelvek, általános érvényű és eseti előírások, így különösen a statikai, tűzvédelmi és az épületenergetikai követelmények, szakmai, minőségi, környezetvédelmi és biztonsági előírások megtartásával szakszerűen kerül elvégzésre, kiemelve az alábbi jogszabályokat: · a beruházás során alkalmazott műszaki megoldások az épített környezet alakításáról és védelméről szóló 1997. évi LXXVIII. tv. 31. §-a (2) bekezdésének értelmében az országos településrendezési és építési követelményekről szóló kormányrendeletben meghatározott alapvető követelmények érvényre juttatásával valósulnak meg, · a beruházás során alkalmazott műszaki megoldások megfelelnek az Országos Tűzvédelmi Szabályzatról szóló 54/2014. (XII. 5.) BM rendelet előírásainak. A beépítésre kerülő építési termékek tűzállósági teljesítményei megfelelőek; d. a beruházás során a gyártók minősítéseiben és alkalmazástechnikai útmutatóiban foglalt előírások, ajánlások maradéktalanul betartásra kerülnek; e. a beruházás során keletkező építési-bontási hulladék az előírások szerint kerül kezelésre, továbbá az az építőipari kivitelezési tevékenység befejezésekor a munkaterületről a külön jogszabályban foglaltak szerint elszállításra kerül.
B41: Vállalkozó felelős a munkaterület biztonságáért és saját alkalmazottainak munkavédelméért, a saját és a Megrendelő tulajdonának biztonságáért, valamint a Megrendelőnek és harmadik félnek okozott károkért. A munkaterületre szállított anyagok, gépek és egyéb értékek őrzéséről a Vállalkozó gondoskodik. Felek rögzítik, hogy jelen vállalkozási szerződés azon a napon lép hatályba, amelyen a Megrendelő megkötötte a Kölcsönszerződést. A Kölcsönszerződés megkötéséről a Megrendelő haladéktalanul értesíti a Vállalkozót. Felek kijelentik, hogy a Megrendelő sikertelen kölcsönfelvétele esetén egymás felé követelésük nincs; a kölcsönfelvétel meghiúsulásáról a Megrendelő haladéktalanul értesíti a Vállalkozót. Felek rögzítik és kijelentik, hogy „A fenntartható fejlődés elősegítése figyelembe véve az ENSZ fenntartható fejlődésre vonatkozó céljait, a Párizsi Megállapodást, a „szennyező fizet” elvet és a „ne okozz jelentős kárt” elvet.” értelmében a teljes beruházás tervezése és megvalósítása során Felek folyamatosan vizsgálják, hogy annak működése és eredményei hogyan érintik, befolyásolják azt a közösséget és azt a környezetet, amiben a Projekt megvalósul. A környezetvédelmi jogszabályokat Felek betartják, a Projekt által érintett területen a védett természeti és kulturális értékeket megőrzik, a fennálló, vagy a beruházás során keletkezett környezeti kárt és az alapvető jogok tiszteletben tartása szempontjából jogszabályba ütköző nem-megfelelőséget legkésőbb a Projekt megvalósításáig megszüntetik a „Tájékoztató a jelentős károkozás elkerüléséhez - Lakossági energiahatékonysági beruházók részére” című dokumentum, valamint a Lakossági Eljárási Rend Alapjogi Chartának való megfelelésére vonatkozó rendelkezései szerint. A Felek egybehangzóan kijelentik, hogy a Vállalkozó, valamint a Vállalkozó közvetlen vagy közvetett tulajdonosa, vezető tisztségviselője, munkavállalója nem közeli hozzátartozója vagy élettársa a Megrendelőnek, illetve az Otthonfelújítási Programban Adóstársaként megjelölt személynek (továbbiakban: Adóstárs), valamint a Megrendelő, illetve Adóstársa nem munkavállalója, vezető tisztségviselője vagy tagja a Vállalkozónak. Jelen szerződésben nem szabályozott kérdésekben a Polgári Törvénykönyvről szóló 2013. évi V. törvény, valamint a felek külön megállapodása az irányadó.
B44: Műszaki tartalom
B45: Megnevezés | E45: Mennyi-ség | F45: Mérték-egység | G45: Anyagköltség | I45: Munkadíj | K45: Bruttó költség összesen
G46: Nettó | H46: Bruttó | I46: Nettó | J46: Bruttó
B47: B1b. Használati melegvíz rendszerek | C47: Használati melegvíz előállító berendezés | K47: =IFERROR(H47+J47,) -> 0 | L47: =SUM(K47:K50) -> 0
C48: Hőszivattyús használati melegvíz előállító és tároló berendezés felszerelés | K48: =IFERROR(H48+J48,) -> 0
C49: Használati melegvizet előállító napkollektor telepítése | D49: síkkollektor | F49: m2 | K49: =IFERROR(H49+J49,) -> 0
D50: vákuumcsöves kollektor | F50: m2 | K50: =IFERROR(H50+J50,) -> 0
B51: B1c. Határoló szerkezetek hőszigetelése | C51: Homlokzat EPS és lábazati XPS | D51: -12 cm-ig | F51: m2 | K51: =IFERROR(H51+J51,) -> 0 | L51: =SUM(K51:K73) -> 0
D52: 13-15 cm | F52: m2 | K52: =IFERROR(H52+J52,) -> 0
D53: 16-20 cm | F53: m2 | K53: =IFERROR(H53+J53,) -> 0
C54: Homlokzat kőzetgyapot és lábazati XPS | D54: -12 cm-ig | F54: m2 | K54: =IFERROR(H54+J54,) -> 0
D55: 13-15 cm | F55: m2 | K55: =IFERROR(H55+J55,) -> 0
D56: 16-20 cm | F56: m2 | K56: =IFERROR(H56+J56,) -> 0
C57: Homlokzat PIR és lábazati XPS | D57: -12 cm-ig | F57: m2 | K57: =IFERROR(H57+J57,) -> 0
D58: 13-15 cm | F58: m2 | K58: =IFERROR(H58+J58,) -> 0
D59: 16-20 cm | F59: m2 | K59: =IFERROR(H59+J59,) -> 0
C60: Tetősík | D60: -20 cm-ig | F60: m2 | K60: =IFERROR(H60+J60,) -> 0
D61: 21-25 cm | F61: m2 | K61: =IFERROR(H61+J61,) -> 0
D62: 26-30 cm | F62: m2 | K62: =IFERROR(H62+J62,) -> 0
C63: Padlásfödém (kőzetgyapot) | D63: -30 cm-ig | F63: m2 | K63: =IFERROR(H63+J63,) -> 0
D64: 31-40 cm | F64: m2 | K64: =IFERROR(H64+J64,) -> 0
C65: Padlásfödém (üveggyapot) | D65: -30 cm-ig | F65: m2 | K65: =IFERROR(H65+J65,) -> 0
D66: 31-40 cm | F66: m2 | K66: =IFERROR(H66+J66,) -> 0
C67: Pincefödém | D67: -10 cm-ig | F67: m2 | K67: =IFERROR(H67+J67,) -> 0
D68: 11-15 cm | F68: m2 | K68: =IFERROR(H68+J68,) -> 0
C69: Árkád feletti alulról hűlő födém(kőzetgyapot) | D69: -12 cm-ig | F69: m2 | K69: =IFERROR(H69+J69,) -> 0
D70: 13-15 cm | F70: m2 | K70: =IFERROR(H70+J70,) -> 0
D71: 16-20 cm | F71: m2 | K71: =IFERROR(H71+J71,) -> 0
C72: Nem járható egyenes rétegrendű lapostető | D72: -15 cm-ig | F72: m2 | K72: =IFERROR(H72+J72,) -> 0
D73: 16-20 cm | F73: m2 | K73: =IFERROR(H73+J73,) -> 0
B74: B1d. Nyílászáró csere | C74: Homlokzati | D74: műanyag | F74: m2 | K74: =IFERROR(H74+J74,) -> 0 | L74: =SUM(K74:K81) -> 0
D75: fa | F75: m2 | K75: =IFERROR(H75+J75,) -> 0
C76: Tetősík | D76: műanyag | F76: m2 | K76: =IFERROR(H76+J76,) -> 0
D77: fa | F77: m2 | K77: =IFERROR(H77+J77,) -> 0
C78: Lamellás külső árnyékolók (zsaluziák) | F78: m2 | K78: =IFERROR(H78+J78,) -> 0
C79: Redőny | D79: műanyag | F79: m2 | K79: =IFERROR(H79+J79,) -> 0
D80: aluminium | F80: m2 | K80: =IFERROR(H80+J80,) -> 0
D81: fa | F81: m2 | K81: =IFERROR(H81+J81,) -> 0
B82: B1g. Padló-, mennyezetfűtési rendszerek | C82: Padlófűtési csőrendszer kiépítése | F82: m2 | K82: =IFERROR(H82+J82,) -> 0 | L82: =SUM(K82:K83) -> 0
C83: Mennyezethűtési és fűtési rendszer kiépítése | F83: m2 | K83: =IFERROR(H83+J83,) -> 0
B84: B1f. Fűtéskorszerűsítés (levegő-víz hőszivattyú, hőleadók) | C84: Hőszivattyús rendszer | K84: =IFERROR(H84+J84,) -> 0 | L84: =SUM(K84:K85) -> 0
C85: Hőleadók cseréje | K85: =IFERROR(H85+J85,) -> 0
B86: BRUTTÓ ELSZÁMOLHATÓ KÖLTSÉGEK ÖSSZESEN | K86: =SUM(K47:K85) -> 0
B87: F. Nem elszámolható költségek | C87: Projekten felüli, a beruházás életképes megvalósításához szükséges | I87: Nettó | K87: Bruttó
B89: MINDÖSSZESEN | K89: =IFERROR(+K88+K86,) -> 0
B91: A projekt megvalósításához szükséges hatósági és egyéb engedély(ek) megnevezése / Az engedélyezési folyamat státuszának és ütemezésének ismertetése:
B93: Építészeti műszaki dokumentáció hiányában az építési termék építménybe történő betervezésének és beépítésének, ennek során a teljesítmény igazolásának részletes szabályairól szóló 275/2013. (VII. 16.) Korm. rendelet értelmében az építési termékek elvárt műszaki teljesítményét a kivitelezési szerződésben kell meghatározni, amelyet a nyilatkozathoz mellékelni szükséges.
B95: Kivitelezői nyilatkozatok
B96: Alulírott a kivitelezést végző cég képviseletében eljárva büntetőjogi felelősségem teljes tudatában nyilatkozom az alábbiakról:
B97: 1. Megismertem az épület korszerűsítésére (tervezett állapotra) vonatkozó 9/2023. (V. 25.) ÉKM rendelet alapján elkészített energetikai tanúsítvány megalapozó számításban foglalt elvárt műszaki tartalmat és az építési tevékenységet ennek megfelelően végzem el. A műszaki tartalommal kapcsolatban szakmai aggály nem merült fel.
B98: 2. A költségek meghatározását és a szükséges engedélyek megadását a megvalósítás helyszínén végzett helyszíni felmérések, valamint a rendelkezésre álló tervrajzok, műszaki adatok alapján határoztuk meg.
B99: 3. A megvalósítás helyszínén végzett helyszíni felmérések során olyan szerkezeti hibát, problémát nem fedeztünk fel, mely az épület állékonysági problémájára utalna, beleértve ebbe a tartószerkezet megfelelőségének vizsgálatát is.
B100: 4. A (feltételesen hatályos) vállalkozási szerződésben a műszaki tartalom részletezése során a Felhívásban nevesített támogatható tevékenységek és az ahhoz kapcsolódó elszámolható költségek, valamint az ingatlan bővítésével, átalakításával vagy átépítésével kapcsolatos nem elszámolható költségek és egyéb nem támogatható tevékenységek elkülönítve kerülnek feltüntetésre.
B101: 5. A beépíteni kívánt eszközök megfelelnek a vonatkozó európai irányelveknek, szabványoknak, illetve az azokat harmonizáló magyar rendeleteknek, szabványoknak, környezetvédelmi előírásoknak. A beépítésre kerülő, megújuló energiát hasznosító rendszerek megfelelnek továbbá a megújuló energiát termelő berendezések és rendszerek beszerzéséhez és működtetéséhez nyújtott támogatások igénybevételének műszaki követelményeiről szóló 55/2016. (XII. 21.) NFM rendeletben foglalt előírásoknak, továbbá a beépítésre javasolt energiatermelő berendezés(ek) alkalmas(ak) a beruházással érintett épület(ek) energiaellátásának folyamatos és környezetkímélő biztosítására.
B102: 6. A beépítendő építési termékek és szerkezetek tűzvédelmi [az Országos Tűzvédelmi Szabályzatról szóló 54/2014. (XII. 5.) BM rendelet alapján], valamint minőségi megfelelősége [az építési termék építménybe történő betervezésének és beépítésének, ennek során a teljesítmény igazolásának részletes szabályairól szóló 275/2013. (VII. 16.) Korm. rendelet szerinti teljesítménynyilatkozat bemutatásával] igazolható.
B103: 7. A Projektben elszámolható költségként megjelölt, a korszerűsítés során felhasználásra kerülő alapanyagok - amelyek a Felhívás szerint kulcsterméknek minősülnek - szerepelnek ofp.emi.hu honlapon található Építési Kulcstermékek adatbázisában.
B104: 8. A beszerezni kívánt anyagokat hivatalos forgalmazással üzletszerűen foglalkozó kereskedőtől vagy gyártónak minősülő szállítótól, vagy a Kölcsönigénylő által (aki szintén az érintett anyagok kereskedelmi forgalmával üzletszerűen foglalkozó, hivatalos forgalmazójától, vagy gyártónak minősülő szállítójától szerzi be) szerezzük be, a piacon szokványos jótállási és szavatossági feltételek biztosítása mellett.
C106: (keltezés: település, dátum)
C109: =IF(ISBLANK(E4),"",E4) | H109: =IF(ISBLANK(E9),"",E9)
C110: Kölcsönigénylő aláírása | H110: Kivitelezést végző aláírása
B111: ELŐTTÜNK MINT TANÚK ELŐTT
C114: aláírás | H114: aláírás
C116: név (nyomtatott betűkkel) | H116: név (nyomtatott betűkkel)
C118: állandó lakhely | H118: állandó lakhely

Sheet 02_Vállalkozási szerződés4
B1: Vállalkozási szerződés | K1: Hatályos: | L1: =+'01_Költségvetés'!N3 -> 2025.10.15-től
B2: a KEHOP Plusz-4.1.7-24 kódszámú Otthonfelújítási Program Lakossági energiahatékonysági beruházások megvalósításához igénybevételéhez
B3: amely létrejött egyrészről
B4: név: | E4: {=IF(ISBLANK('01_Költségvetés'!D5:D5),"",'01_Költségvetés'!D5:D5)}
B5: születési hely/idő:
B6: anyja neve:
B7: állandó lakcíme:
B8: (a továbbiakban: Megrendelő), másrészről
B9: cég/vállalkozó neve:
B10: cégjegyzékszám/egyéni vállalkozói nyilvántartási száma:
B11: székhelye:
B12: adószáma:
B13: képviseletében eljáró személy:
B14: mint vállalkozó (a továbbiakban: Vállalkozó),
B15: (a továbbiakban együtt: Felek) között a szerződés aláírásának napján, az alábbiak szerint:
B16: I. A szerződés tárgya:
B17: A „Otthonfelújítási Program - Lakossági energiahatékonysági beruházások megvalósításához” című (KEHOP Plusz 4.1.7-24 kódszámú) Felhíváshoz (a továbbiakban: Felhívás) kapcsolódó Európai Uniós forrású Lakossági Hitelprogramok Eljárási Rendjének (a továbbiakban Lakossági Eljárási Rend) keretében benyújtásra kerülő kölcsönkérelembe foglalt, jelen szerződésben részletezett műszaki tartalom hatályos jogszabályoknak megfelelő módon történő megvalósítása az alábbi ingatlanon:
B18: Az ingatlan címe: | E18: {=IF(ISBLANK('01_Költségvetés'!D6:D6),"",'01_Költségvetés'!D6:D6)}
B20: II. Műszaki tartalom:
B21: Jelen szerződés I. pontjában megjelölt ingatlan vonatkozásában a Megrendelő jelen szerződés alapján megrendeli a Vállalkozótól, a Vállalkozó pedig vállalja – a Lakossági Eljárási Rend alapján benyújtásra kerülő Felhívásban foglalt – a vállalkozói szerződés 1. számú mellékletében felsorolt műszaki tartalom megvalósítását. A Megrendelő kötelezettséget vállal a jelen szerződés alapján elvégzett munka átvételére és a vállalkozói díj megfizetésére. A Vállalkozói szerződés jelen pontjában rögzített táblázatban foglalt műszaki tartalommal, valamint a Lakossági Eljárási Rendben foglaltakkal összhangban tételes árazott költségvetés kiállításra, illetve a Megrendelő részére átadásra kerül. A tételes, árazott költségvetésnek alkalmasnak kell lennie a felhívásban rögzített műszaki követelmények, illetve a fajlagos költségkorlátok ellenőrzésére. A Vállakozó vállalja, hogy az energetikai korszerűsítés eredményeként a beruházás megvalósítást megelőző fejlesztés előtti (kiinduló) állapothoz képest az ingatlan elsődleges (primer) energiafogyasztása legalább 30%-os mértékű csökkenést ér el. (Amennyiben a szerződéssel érintett projekt megvalósításában több kivitelező vesz részt, úgy a legalább 30%-os energiamegtakarítás elérése együttes közreműködésükre értendő.) Megrendelő vállalja, hogy a 30%-os mértékű elsődleges (primer) energiafogyasztás csökkenést Hiteles Energetikai Tanúsítvánnyal köteles alátámasztani.
B22: III. Vállalkozási díj:
B23: A Vállalkozó a Lakossági Eljárási Rend alapján benyújtásra kerülő Kölcsönkérelemben foglalt, jelen szerződés II. pontjában részletezett műszaki tartalom szerződésszerű megvalósításának eredményeképpen az alábbi vállalkozói díja összesen:
B24: Nettó: | C24: =SUM(G47:G85)+SUM(I47:I85)+I88 -> 0
B25: + Áfa: | C25: =+C26-C24 -> 0
B26: Bruttó: | C26: =+K89 -> 0
B28: IV. Munkavégzés ütemezése, határidők, fizetési feltételek
B29: Felek rögzítik, hogy a jelen szerződésben foglalt műszaki tartalom megvalósítása (beleértve a beépítésre kerülő anyagok / berendezések beszerzését is), a kapcsolódó Kölcsönkérelem benyújtását megelőzően nem kezdődött meg és a tervezett projektmegvalósítási határidőig megtörténik. A Vállakozó jelen szerződésben foglalt műszaki tartalom megvalósítása kapcsán a Megrendelővel a következőkben állapodik meg:
B31: Munkavégzés megkezdésének várható időpontja (formátum: éééé.hh.)
B32: Munkavégzés befejezésének várható időpontja (formátum: éééé.hh.)
B33: Vállalkozói előlegbekérő/díjbekérő kiállításra kerül (Igen/Nem)
B36: A számlák kiállításakor Vállalkozó vállalja, hogy a Felhívás keretében nem támogatható tevékenységeket külön számlán vagy számlákon szerepelteti. A számla kiállításakor a Vállalkozó vállalja, hogy a számlában foglaltakkal, továbbá a Vállalkozói szerződéssel, illetve annak esetleges módosításaival összhangban tételes, árazott számlarészletező dokumentumot állít ki, illetve ad át a Megrendelő részére, mely dokumentum az elszámolás során becsatolandó. Vállalkozó kijelenti, hogy a Megrendelő nevére szóló jelen szerződésen alapuló számlával vagy számlákkal kapcsolatosan az állami adó- és vámhatóság részére az adatszolgáltatási kötelezettségét az előírt határidőben teljesíti az általános forgalmi adóról szóló 2007. évi CXXVII. törvény 10. számú melléklet 1. pontja szerinti adatszolgáltatási kötelezettségét, amely szerint köteles az állami adó- és vámhatóság részére adatot szolgáltatni a belföldön teljesített termékértékesítéséről, szolgáltatásnyújtásáról kibocsátott vagy kiállított számláról, számlával egy tekintet alá eső okiratról.
B37: V. Jótállási, garanciális, illetve szavatossági kötelezettségek
B38: Vállalkozó vállalja a kapcsolódó jogszabályokban előírt jótállás, garancia, illetve szavatosság nyújtását. Vállalkozó I. osztályú minőség teljesítésére vállalkozik. Kivitelező tudomásul veszi, hogy hibás, nem I. osztályú, jogszabályoknak nem megfelelő teljesítés esetén az átvételre kizárólag a hibák kijavítása után kerülhet sor.
B39: VI. Egyéb rendelkezések
B40: Vállalkozó kijelenti, hogy a. az előzetes felmérés alapján a beruházással érintett épület műszaki állapota alapján alkalmas a jelen szerződésben foglalt munkálatok fogadására; b. a beruházás során kizárólag kereskedelmi forgalomból beszerzett új berendezések, készülékek és anyagok kerültek beépítésére, amelyek rendelkeztek mind a forgalomba hozatali, mind pedig a beépítéshez szükséges engedélyekkel, minősítésekkel, teljesítmény nyilatkozatokkal stb., amelyek meglétéről és azok megfelelő tartalmáról a Kivitelező meggyőződött (figyelemmel a 275/2013. (VII. 16.) Korm. rendelet előírásaira); c. a beruházás az építőipari kivitelezési tevékenységre vonatkozó jogszabályok, szabványok, irányelvek, általános érvényű és eseti előírások, így különösen a statikai, tűzvédelmi és az épületenergetikai követelmények, szakmai, minőségi, környezetvédelmi és biztonsági előírások megtartásával szakszerűen kerül elvégzésre, kiemelve az alábbi jogszabályokat: · a beruházás során alkalmazott műszaki megoldások az épített környezet alakításáról és védelméről szóló 1997. évi LXXVIII. tv. 31. §-a (2) bekezdésének értelmében az országos településrendezési és építési követelményekről szóló kormányrendeletben meghatározott alapvető követelmények érvényre juttatásával valósulnak meg, · a beruházás során alkalmazott műszaki megoldások megfelelnek az Országos Tűzvédelmi Szabályzatról szóló 54/2014. (XII. 5.) BM rendelet előírásainak. A beépítésre kerülő építési termékek tűzállósági teljesítményei megfelelőek; d. a beruházás során a gyártók minősítéseiben és alkalmazástechnikai útmutatóiban foglalt előírások, ajánlások maradéktalanul betartásra kerülnek; e. a beruházás során keletkező építési-bontási hulladék az előírások szerint kerül kezelésre, továbbá az az építőipari kivitelezési tevékenység befejezésekor a munkaterületről a külön jogszabályban foglaltak szerint elszállításra kerül.
B41: Vállalkozó felelős a munkaterület biztonságáért és saját alkalmazottainak munkavédelméért, a saját és a Megrendelő tulajdonának biztonságáért, valamint a Megrendelőnek és harmadik félnek okozott károkért. A munkaterületre szállított anyagok, gépek és egyéb értékek őrzéséről a Vállalkozó gondoskodik. Felek rögzítik, hogy jelen vállalkozási szerződés azon a napon lép hatályba, amelyen a Megrendelő megkötötte a Kölcsönszerződést. A Kölcsönszerződés megkötéséről a Megrendelő haladéktalanul értesíti a Vállalkozót. Felek kijelentik, hogy a Megrendelő sikertelen kölcsönfelvétele esetén egymás felé követelésük nincs; a kölcsönfelvétel meghiúsulásáról a Megrendelő haladéktalanul értesíti a Vállalkozót. Felek rögzítik és kijelentik, hogy „A fenntartható fejlődés elősegítése figyelembe véve az ENSZ fenntartható fejlődésre vonatkozó céljait, a Párizsi Megállapodást, a „szennyező fizet” elvet és a „ne okozz jelentős kárt” elvet.” értelmében a teljes beruházás tervezése és megvalósítása során Felek folyamatosan vizsgálják, hogy annak működése és eredményei hogyan érintik, befolyásolják azt a közösséget és azt a környezetet, amiben a Projekt megvalósul. A környezetvédelmi jogszabályokat Felek betartják, a Projekt által érintett területen a védett természeti és kulturális értékeket megőrzik, a fennálló, vagy a beruházás során keletkezett környezeti kárt és az alapvető jogok tiszteletben tartása szempontjából jogszabályba ütköző nem-megfelelőséget legkésőbb a Projekt megvalósításáig megszüntetik a „Tájékoztató a jelentős károkozás elkerüléséhez - Lakossági energiahatékonysági beruházók részére” című dokumentum, valamint a Lakossági Eljárási Rend Alapjogi Chartának való megfelelésére vonatkozó rendelkezései szerint. A Felek egybehangzóan kijelentik, hogy a Vállalkozó, valamint a Vállalkozó közvetlen vagy közvetett tulajdonosa, vezető tisztségviselője, munkavállalója nem közeli hozzátartozója vagy élettársa a Megrendelőnek, illetve az Otthonfelújítási Programban Adóstársaként megjelölt személynek (továbbiakban: Adóstárs), valamint a Megrendelő, illetve Adóstársa nem munkavállalója, vezető tisztségviselője vagy tagja a Vállalkozónak. Jelen szerződésben nem szabályozott kérdésekben a Polgári Törvénykönyvről szóló 2013. évi V. törvény, valamint a felek külön megállapodása az irányadó.
B44: Műszaki tartalom
B45: Megnevezés | E45: Mennyi-ség | F45: Mérték-egység | G45: Anyagköltség | I45: Munkadíj | K45: Bruttó költség összesen
G46: Nettó | H46: Bruttó | I46: Nettó | J46: Bruttó
B47: B1b. Használati melegvíz rendszerek | C47: Használati melegvíz előállító berendezés | K47: =IFERROR(H47+J47,) -> 0 | L47: =SUM(K47:K50) -> 0
C48: Hőszivattyús használati melegvíz előállító és tároló berendezés felszerelés | K48: =IFERROR(H48+J48,) -> 0
C49: Használati melegvizet előállító napkollektor telepítése | D49: síkkollektor | F49: m2 | K49: =IFERROR(H49+J49,) -> 0
D50: vákuumcsöves kollektor | F50: m2 | K50: =IFERROR(H50+J50,) -> 0
B51: B1c. Határoló szerkezetek hőszigetelése | C51: Homlokzat EPS és lábazati XPS | D51: -12 cm-ig | F51: m2 | K51: =IFERROR(H51+J51,) -> 0 | L51: =SUM(K51:K73) -> 0
D52: 13-15 cm | F52: m2 | K52: =IFERROR(H52+J52,) -> 0
D53: 16-20 cm | F53: m2 | K53: =IFERROR(H53+J53,) -> 0
C54: Homlokzat kőzetgyapot és lábazati XPS | D54: -12 cm-ig | F54: m2 | K54: =IFERROR(H54+J54,) -> 0
D55: 13-15 cm | F55: m2 | K55: =IFERROR(H55+J55,) -> 0
D56: 16-20 cm | F56: m2 | K56: =IFERROR(H56+J56,) -> 0
C57: Homlokzat PIR és lábazati XPS | D57: -12 cm-ig | F57: m2 | K57: =IFERROR(H57+J57,) -> 0
D58: 13-15 cm | F58: m2 | K58: =IFERROR(H58+J58,) -> 0
D59: 16-20 cm | F59: m2 | K59: =IFERROR(H59+J59,) -> 0
C60: Tetősík | D60: -20 cm-ig | F60: m2 | K60: =IFERROR(H60+J60,) -> 0
D61: 21-25 cm | F61: m2 | K61: =IFERROR(H61+J61,) -> 0
D62: 26-30 cm | F62: m2 | K62: =IFERROR(H62+J62,) -> 0
C63: Padlásfödém (kőzetgyapot) | D63: -30 cm-ig | F63: m2 | K63: =IFERROR(H63+J63,) -> 0
D64: 31-40 cm | F64: m2 | K64: =IFERROR(H64+J64,) -> 0
C65: Padlásfödém (üveggyapot) | D65: -30 cm-ig | F65: m2 | K65: =IFERROR(H65+J65,) -> 0
D66: 31-40 cm | F66: m2 | K66: =IFERROR(H66+J66,) -> 0
C67: Pincefödém | D67: -10 cm-ig | F67: m2 | K67: =IFERROR(H67+J67,) -> 0
D68: 11-15 cm | F68: m2 | K68: =IFERROR(H68+J68,) -> 0
C69: Árkád feletti alulról hűlő födém(kőzetgyapot) | D69: -12 cm-ig | F69: m2 | K69: =IFERROR(H69+J69,) -> 0
D70: 13-15 cm | F70: m2 | K70: =IFERROR(H70+J70,) -> 0
D71: 16-20 cm | F71: m2 | K71: =IFERROR(H71+J71,) -> 0
C72: Nem járható egyenes rétegrendű lapostető | D72: -15 cm-ig | F72: m2 | K72: =IFERROR(H72+J72,) -> 0
D73: 16-20 cm | F73: m2 | K73: =IFERROR(H73+J73,) -> 0
B74: B1d. Nyílászáró csere | C74: Homlokzati | D74: műanyag | F74: m2 | K74: =IFERROR(H74+J74,) -> 0 | L74: =SUM(K74:K81) -> 0
D75: fa | F75: m2 | K75: =IFERROR(H75+J75,) -> 0
C76: Tetősík | D76: műanyag | F76: m2 | K76: =IFERROR(H76+J76,) -> 0
D77: fa | F77: m2 | K77: =IFERROR(H77+J77,) -> 0
C78: Lamellás külső árnyékolók (zsaluziák) | F78: m2 | K78: =IFERROR(H78+J78,) -> 0
C79: Redőny | D79: műanyag | F79: m2 | K79: =IFERROR(H79+J79,) -> 0
D80: aluminium | F80: m2 | K80: =IFERROR(H80+J80,) -> 0
D81: fa | F81: m2 | K81: =IFERROR(H81+J81,) -> 0
B82: B1g. Padló-, mennyezetfűtési rendszerek | C82: Padlófűtési csőrendszer kiépítése | F82: m2 | K82: =IFERROR(H82+J82,) -> 0 | L82: =SUM(K82:K83) -> 0
C83: Mennyezethűtési és fűtési rendszer kiépítése | F83: m2 | K83: =IFERROR(H83+J83,) -> 0
B84: B1f. Fűtéskorszerűsítés (levegő-víz hőszivattyú, hőleadók) | C84: Hőszivattyús rendszer | K84: =IFERROR(H84+J84,) -> 0 | L84: =SUM(K84:K85) -> 0
C85: Hőleadók cseréje | K85: =IFERROR(H85+J85,) -> 0
B86: BRUTTÓ ELSZÁMOLHATÓ KÖLTSÉGEK ÖSSZESEN | K86: =SUM(K47:K85) -> 0
B87: F. Nem elszámolható költségek | C87: Projekten felüli, a beruházás életképes megvalósításához szükséges | I87: Nettó | K87: Bruttó
B89: MINDÖSSZESEN | K89: =IFERROR(+K88+K86,) -> 0
B91: A projekt megvalósításához szükséges hatósági és egyéb engedély(ek) megnevezése / Az engedélyezési folyamat státuszának és ütemezésének ismertetése:
B93: Építészeti műszaki dokumentáció hiányában az építési termék építménybe történő betervezésének és beépítésének, ennek során a teljesítmény igazolásának részletes szabályairól szóló 275/2013. (VII. 16.) Korm. rendelet értelmében az építési termékek elvárt műszaki teljesítményét a kivitelezési szerződésben kell meghatározni, amelyet a nyilatkozathoz mellékelni szükséges.
B95: Kivitelezői nyilatkozatok
B96: Alulírott a kivitelezést végző cég képviseletében eljárva büntetőjogi felelősségem teljes tudatában nyilatkozom az alábbiakról:
B97: 1. Megismertem az épület korszerűsítésére (tervezett állapotra) vonatkozó 9/2023. (V. 25.) ÉKM rendelet alapján elkészített energetikai tanúsítvány megalapozó számításban foglalt elvárt műszaki tartalmat és az építési tevékenységet ennek megfelelően végzem el. A műszaki tartalommal kapcsolatban szakmai aggály nem merült fel.
B98: 2. A költségek meghatározását és a szükséges engedélyek megadását a megvalósítás helyszínén végzett helyszíni felmérések, valamint a rendelkezésre álló tervrajzok, műszaki adatok alapján határoztuk meg.
B99: 3. A megvalósítás helyszínén végzett helyszíni felmérések során olyan szerkezeti hibát, problémát nem fedeztünk fel, mely az épület állékonysági problémájára utalna, beleértve ebbe a tartószerkezet megfelelőségének vizsgálatát is.
B100: 4. A (feltételesen hatályos) vállalkozási szerződésben a műszaki tartalom részletezése során a Felhívásban nevesített támogatható tevékenységek és az ahhoz kapcsolódó elszámolható költségek, valamint az ingatlan bővítésével, átalakításával vagy átépítésével kapcsolatos nem elszámolható költségek és egyéb nem támogatható tevékenységek elkülönítve kerülnek feltüntetésre.
B101: 5. A beépíteni kívánt eszközök megfelelnek a vonatkozó európai irányelveknek, szabványoknak, illetve az azokat harmonizáló magyar rendeleteknek, szabványoknak, környezetvédelmi előírásoknak. A beépítésre kerülő, megújuló energiát hasznosító rendszerek megfelelnek továbbá a megújuló energiát termelő berendezések és rendszerek beszerzéséhez és működtetéséhez nyújtott támogatások igénybevételének műszaki követelményeiről szóló 55/2016. (XII. 21.) NFM rendeletben foglalt előírásoknak, továbbá a beépítésre javasolt energiatermelő berendezés(ek) alkalmas(ak) a beruházással érintett épület(ek) energiaellátásának folyamatos és környezetkímélő biztosítására.
B102: 6. A beépítendő építési termékek és szerkezetek tűzvédelmi [az Országos Tűzvédelmi Szabályzatról szóló 54/2014. (XII. 5.) BM rendelet alapján], valamint minőségi megfelelősége [az építési termék építménybe történő betervezésének és beépítésének, ennek során a teljesítmény igazolásának részletes szabályairól szóló 275/2013. (VII. 16.) Korm. rendelet szerinti teljesítménynyilatkozat bemutatásával] igazolható.
B103: 7. A Projektben elszámolható költségként megjelölt, a korszerűsítés során felhasználásra kerülő alapanyagok - amelyek a Felhívás szerint kulcsterméknek minősülnek - szerepelnek ofp.emi.hu honlapon található Építési Kulcstermékek adatbázisában.
B104: 8. A beszerezni kívánt anyagokat hivatalos forgalmazással üzletszerűen foglalkozó kereskedőtől vagy gyártónak minősülő szállítótól, vagy a Kölcsönigénylő által (aki szintén az érintett anyagok kereskedelmi forgalmával üzletszerűen foglalkozó, hivatalos forgalmazójától, vagy gyártónak minősülő szállítójától szerzi be) szerezzük be, a piacon szokványos jótállási és szavatossági feltételek biztosítása mellett.
C106: (keltezés: település, dátum)
C109: =IF(ISBLANK(E4),"",E4) | H109: =IF(ISBLANK(E9),"",E9)
C110: Kölcsönigénylő aláírása | H110: Kivitelezést végző aláírása
B111: ELŐTTÜNK MINT TANÚK ELŐTT
C114: aláírás | H114: aláírás
C116: név (nyomtatott betűkkel) | H116: név (nyomtatott betűkkel)
C118: állandó lakhely | H118: állandó lakhely

Sheet 03_Saját beszerzés
E1: KEHOP Plusz-4.1.7-24 Otthonfelújítási Hitelprogram
K2: ML153U sz. melléklet
K3: Hatályos: | L3: =+'01_Költségvetés'!N3 -> 2025.10.15-től
B4: Kölcsönigénylő neve: | D4: {=IF(ISBLANK('01_Költségvetés'!D5:D5),"",'01_Költségvetés'!D5:D5)}
B5: Megvalósítási helyszín pontos címe | D5: {=IF(ISBLANK('01_Költségvetés'!D6:D6),"",'01_Költségvetés'!D6:D6)}
B7: Megnevezés | E7: Mennyiség | F7: Mérték-egység | G7: Anyagköltség | I7: Munkadíj | K7: Bruttó költség összesen
G8: Nettó | H8: Bruttó | I8: Nettó | J8: Bruttó
B9: A. Előkészítés költségei | C9: A1 Kötelező előzetes tanulmányok, műszaki dokumentáció (energetikai tanúsítvány) | K9: =IFERROR(J9,) -> 0 | L9: =SUM(K9:K11) -> 0
C10: A2 Engedélyezési dokumentumok, műszaki tervek, kiviteli és tendertervek és ezek hatósági díja | K10: =IFERROR(J10,) -> 0
C11: A4 Eljárási költségek | K11: =IFERROR(J11,) -> 0
B12: B. Beruházások | K12: =SUM(K14:K52) -> 0
B13: B1. Energiahatékonyság javítására vonatkozó tevékenységek | K13: =SUM(K14:K52) -> 0
B14: B1b. Használati melegvíz rendszerek | C14: Használati melegvíz előállító berendezés | K14: =IFERROR(H14+J14,) -> 0 | L14: =SUM(K14:K17) -> 0
C15: Hőszivattyús használati melegvíz előállító és tároló berendezés felszerelés | K15: =IFERROR(H15+J15,) -> 0
C16: Használati melegvizet előállító napkollektor telepítése | D16: síkkollektor | E16: =+'01_Költségvetés'!E19 -> 0 | F16: m2 | K16: =IFERROR(H16+J16,) -> 0
D17: vákuumcsöves kollektor | E17: =+'01_Költségvetés'!E20 -> 0 | F17: m2 | K17: =IFERROR(H17+J17,) -> 0
B18: B1c. Határoló szerkezetek hőszigetelése | C18: Homlokzat EPS és lábazati XPS | D18: -12 cm-ig | E18: =+'01_Költségvetés'!E21 -> 0 | F18: m2 | K18: =IFERROR(H18+J18,) -> 0 | L18: =SUM(K18:K40) -> 0
D19: 13-15 cm | E19: =+'01_Költségvetés'!E22 -> 0 | F19: m2 | K19: =IFERROR(H19+J19,) -> 0
D20: 16-20 cm | E20: =+'01_Költségvetés'!E23 -> 0 | F20: m2 | K20: =IFERROR(H20+J20,) -> 0
C21: Homlokzat kőzetgyapot és lábazati XPS | D21: -12 cm-ig | E21: =+'01_Költségvetés'!E24 -> 0 | F21: m2 | K21: =IFERROR(H21+J21,) -> 0
D22: 13-15 cm | E22: =+'01_Költségvetés'!E25 -> 0 | F22: m2 | K22: =IFERROR(H22+J22,) -> 0
D23: 16-20 cm | E23: =+'01_Költségvetés'!E26 -> 0 | F23: m2 | K23: =IFERROR(H23+J23,) -> 0
C24: Homlokzat PIR és lábazati XPS | D24: -12 cm-ig | E24: =+'01_Költségvetés'!E27 -> 0 | F24: m2 | K24: =IFERROR(H24+J24,) -> 0
D25: 13-15 cm | E25: =+'01_Költségvetés'!E28 -> 0 | F25: m2 | K25: =IFERROR(H25+J25,) -> 0
D26: 16-20 cm | E26: =+'01_Költségvetés'!E29 -> 0 | F26: m2 | K26: =IFERROR(H26+J26,) -> 0
C27: Tetősík | D27: -20 cm-ig | E27: =+'01_Költségvetés'!E30 -> 0 | F27: m2 | K27: =IFERROR(H27+J27,) -> 0
D28: 21-25 cm | E28: =+'01_Költségvetés'!E31 -> 0 | F28: m2 | K28: =IFERROR(H28+J28,) -> 0
D29: 26-30 cm | E29: =+'01_Költségvetés'!E32 -> 0 | F29: m2 | K29: =IFERROR(H29+J29,) -> 0
C30: Padlásfödém (kőzetgyapot) | D30: -30 cm-ig | E30: =+'01_Költségvetés'!E33 -> 0 | F30: m2 | K30: =IFERROR(H30+J30,) -> 0
D31: 31-40 cm | E31: =+'01_Költségvetés'!E34 -> 0 | F31: m2 | K31: =IFERROR(H31+J31,) -> 0
C32: Padlásfödém (üveggyapot) | D32: -30 cm-ig | E32: =+'01_Költségvetés'!E35 -> 0 | F32: m2 | K32: =IFERROR(H32+J32,) -> 0
D33: 31-40 cm | E33: =+'01_Költségvetés'!E36 -> 0 | F33: m2 | K33: =IFERROR(H33+J33,) -> 0
C34: Pincefödém | D34: -10 cm-ig | E34: =+'01_Költségvetés'!E37 -> 0 | F34: m2 | K34: =IFERROR(H34+J34,) -> 0
D35: 11-15 cm | E35: =+'01_Költségvetés'!E38 -> 0 | F35: m2 | K35: =IFERROR(H35+J35,) -> 0
C36: Árkád feletti alulról hűlő födém(kőzetgyapot) | D36: -12 cm-ig | E36: =+'01_Költségvetés'!E39 -> 0 | F36: m2 | K36: =IFERROR(H36+J36,) -> 0
D37: 13-15 cm | E37: =+'01_Költségvetés'!E40 -> 0 | F37: m2 | K37: =IFERROR(H37+J37,) -> 0
D38: 16-20 cm | E38: =+'01_Költségvetés'!E41 -> 0 | F38: m2 | K38: =IFERROR(H38+J38,) -> 0
C39: Nem járható egyenes rétegrendű lapostető | D39: -15 cm-ig | E39: =+'01_Költségvetés'!E42 -> 0 | F39: m2 | K39: =IFERROR(H39+J39,) -> 0
D40: 16-20 cm | E40: =+'01_Költségvetés'!E43 -> 0 | F40: m2 | K40: =IFERROR(H40+J40,) -> 0
B41: B1d. Nyílászáró csere | C41: Homlokzati | D41: műanyag | E41: =+'01_Költségvetés'!E44 -> 0 | F41: m2 | K41: =IFERROR(H41+J41,) -> 0 | L41: =SUM(K41:K48) -> 0
D42: fa | E42: =+'01_Költségvetés'!E45 -> 0 | F42: m2 | K42: =IFERROR(H42+J42,) -> 0
C43: Tetősík | D43: műanyag | E43: =+'01_Költségvetés'!E46 -> 0 | F43: m2 | K43: =IFERROR(H43+J43,) -> 0
D44: fa | E44: =+'01_Költségvetés'!E47 -> 0 | F44: m2 | K44: =IFERROR(H44+J44,) -> 0
C45: Lamellás külső árnyékolók (zsaluziák) | E45: =+'01_Költségvetés'!E48 -> 0 | F45: m2 | K45: =IFERROR(H45+J45,) -> 0
C46: Redőny | D46: műanyag | E46: =+'01_Költségvetés'!E49 -> 0 | F46: m2 | K46: =IFERROR(H46+J46,) -> 0
D47: aluminium | E47: =+'01_Költségvetés'!E50 -> 0 | F47: m2 | K47: =IFERROR(H47+J47,) -> 0
D48: fa | E48: =+'01_Költségvetés'!E51 -> 0 | F48: m2 | K48: =IFERROR(H48+J48,) -> 0
B49: B1g. Padló-, mennyezetfűtési rendszerek | C49: Padlófűtési csőrendszer kiépítése | E49: =+'01_Költségvetés'!E52 -> 0 | F49: m2 | K49: =IFERROR(H49+J49,) -> 0 | L49: =SUM(K49:K50) -> 0
C50: Mennyezethűtési és fűtési rendszer kiépítése | E50: =+'01_Költségvetés'!E53 -> 0 | F50: m2 | K50: =IFERROR(H50+J50,) -> 0
B51: B1f. Fűtéskorszerűsítés (levegő-víz hőszivattyú, hőleadók) | C51: Hőszivattyús rendszer | E51: - | F51: - | K51: =IFERROR(H51+J51,) -> 0 | L51: =SUM(K51:K52) -> 0
C52: Hőleadók cseréje | E52: - | F52: - | K52: =IFERROR(H52+J52,) -> 0
B53: E. Egyéb költségek | C53: E1. Záró energetikai tanusítvány | K53: =IFERROR(H53+J53,) -> 0 | L53: =SUM(K53:K55) -> 0
C54: E2. Tanácsadás | K54: =IFERROR(H54+J54,) -> 0
C55: E3. Egyéb elszámolható költségek | K55: =IFERROR(H55+J55,) -> 0
B56: BRUTTÓ ELSZÁMOLHATÓ KÖLTSÉGEK ÖSSZESEN | K56: =+K12+L9+L53 -> 0
B57: F. Nem elszámolható költségek | C57: Projekten felüli, a beruházás életképes megvalósításához szükséges | I57: Nettó | K57: Bruttó
B59: MINDÖSSZESEN | K59: =IFERROR(+K58+K56,) -> 0
B61: Kelt:
I63: =IF(ISBLANK('01_Költségvetés'!D5),"",'01_Költségvetés'!D5)
I64: Kölcsönigénylő aláírása
B65: ELŐTTÜNK MINT TANÚK ELŐTT
D66: Aláírás | I66: Aláírás
D67: Név (nyomtatott betűkkel) | I67: Név (nyomtatott betűkkel)
D68: Állandó lakhely | I68: Állandó lakhely

Sheet érv
A1: 0 | B1: A+++ | C1: igen | D1: szabadon álló családi ház | E1: Igen
A2: 0.05 | B2: A++ | C2: nem | D2: sorházi családi ház | E2: Nem
A3: 0.18 | B3: A+ | C3: nem releváns | D3: ikerház | E3: csak anyagköltség
A4: 0.27 | B4: A | D4: zártkerti lakóház | E4: csak munkadíj
B5: B | C5: igen | D5: lakóház
B6: C | C6: nem
B7: D | C7: <Kérjük, válasszon>
B8: E
B9: F
B10: G
B11: H
B12: I
